timestamp,application_name,environment,response_time_ms,throughput_rpm,cpu_usage_percent,memory_usage_percent,error_rate_percent,timeout_count,is_injected_anomaly
2026-03-14 21:10:28.160485,CoreBankingApp,Production,294.9910136403854,1162.2022141347668,60.40489658479011,84.56095675572024,1.2902938521087837,0,0
2026-03-14 21:15:28.160485,CoreBankingApp,Production,305.91588542165994,1197.4547499172425,59.44908107568466,66.76064488985126,0.7439649296311769,1,0
2026-03-14 21:20:28.160485,CoreBankingApp,Production,297.90562725609493,1307.8561736823704,74.52761561568633,60.68564542486506,0.9077938121102946,1,0
2026-03-14 21:25:28.160485,CoreBankingApp,Production,327.6973391767035,1208.9731135277832,62.55129906817427,66.4315811821545,1.0229527504975247,2,0
2026-03-14 21:30:28.160485,CoreBankingApp,Production,361.67626447924965,1172.311152202029,62.66292883975247,72.81013868493315,1.2916399648576324,1,0
2026-03-14 21:35:28.160485,CoreBankingApp,Production,260.51545577168747,1145.855425055892,60.155647761317084,59.76617702299555,1.1345239628550723,0,0
2026-03-14 21:40:28.160485,CoreBankingApp,Production,297.58519169138685,981.3330675637073,74.41904319425491,75.23234358031993,1.0838100390890397,1,0
2026-03-14 21:45:28.160485,CoreBankingApp,Production,293.8267615433027,1155.1823928265283,43.51593807130689,59.38962780496001,1.0631188067550958,0,0
2026-03-14 21:50:28.160485,CoreBankingApp,Production,297.9430061660273,1180.5683678931177,71.20757439818124,72.00268838549687,1.2537107732772939,0,0
2026-03-14 21:55:28.160485,CoreBankingApp,Production,256.61045140689805,1252.5882580648858,40.02499961932479,66.32665974520363,1.2919309191327195,0,0
2026-03-14 22:00:28.160485,CoreBankingApp,Production,322.44411621663306,1223.4539674240568,55.654507130116684,79.69104450673633,1.1872006872894993,1,0
2026-03-14 22:05:28.160485,CoreBankingApp,Production,298.7377258387465,1092.0713060786443,77.26522221960784,72.61550246896165,0.7878397034435217,0,0
2026-03-14 22:10:28.160485,CoreBankingApp,Production,308.3459409062849,1184.434737318684,66.26940331887221,63.99145052088143,1.2437969220221192,1,0
2026-03-14 22:15:28.160485,CoreBankingApp,Production,265.13776447067426,1296.3694802494374,45.59787035890359,71.64677361822245,1.3425855734162093,1,0
2026-03-14 22:20:28.160485,CoreBankingApp,Production,269.7811894725113,1387.1832576916872,57.287961216798855,65.44661603604122,1.0910513414927192,2,0
2026-03-14 22:25:28.160485,CoreBankingApp,Production,236.03580863948014,1128.1095385122533,36.407589462373124,75.42055228271077,1.1385967826559205,1,0
2026-03-14 22:30:28.160485,CoreBankingApp,Production,242.4315771447881,1135.037065006632,53.11316497685737,59.08435944597687,0.8910218092042338,2,0
2026-03-14 22:35:28.160485,CoreBankingApp,Production,233.9475336128757,1093.5030424795016,60.84499144294774,54.08583629947991,1.1311486385057385,2,0
2026-03-14 22:40:28.160485,CoreBankingApp,Production,252.2888443282465,1222.587826122826,52.372931462286346,60.32389176479298,0.8080841872904616,1,0
2026-03-14 22:45:28.160485,CoreBankingApp,Production,337.78306207394985,1265.7005444619217,76.6496449387263,60.63283911760271,1.1129349011323635,1,0
2026-03-14 22:50:28.160485,CoreBankingApp,Production,284.2763331005833,1001.9950411266341,68.94548022407676,61.06616212148353,0.9502573061745768,4,0
2026-03-14 22:55:28.160485,CoreBankingApp,Production,328.72543463260564,1109.0722218506994,59.76767886918868,58.89247381858386,1.102018033893581,2,0
2026-03-14 23:00:28.160485,CoreBankingApp,Production,327.3052210098617,1215.3830492267466,61.21119750842759,70.19598595701217,1.3625141902944122,1,0
2026-03-14 23:05:28.160485,CoreBankingApp,Production,241.3569754393274,1161.467881729806,59.25586535899037,68.02330862103582,1.208661781324,0,0
2026-03-14 23:10:28.160485,CoreBankingApp,Production,328.3342830827702,1254.0738870205942,70.56012784256733,68.54814833533419,1.1133436898042235,2,0
2026-03-14 23:15:28.160485,CoreBankingApp,Production,322.0409464984423,1154.4699887722559,64.8866298740734,56.82020241834675,0.730499764721245,0,0
2026-03-14 23:20:28.160485,CoreBankingApp,Production,260.55633319214877,1122.2743782865684,55.750116292406744,77.6813221486822,1.1828457169705955,1,0
2026-03-14 23:25:28.160485,CoreBankingApp,Production,225.26024617989256,1200.640282417277,57.726894407546126,66.91738228103645,1.1342204176227617,1,0
2026-03-14 23:30:28.160485,CoreBankingApp,Production,282.0948648040666,1258.2717179630731,64.03348944687379,48.91360876870988,0.9080918645534076,0,0
2026-03-14 23:35:28.160485,CoreBankingApp,Production,304.66829945292216,1184.3674529545258,68.1338172998534,71.61391503423758,1.215319544194421,1,0
2026-03-14 23:40:28.160485,CoreBankingApp,Production,277.79979346908243,1264.9199378713963,52.59466438339307,60.99746873441919,1.1679311004567212,1,0
2026-03-14 23:45:28.160485,CoreBankingApp,Production,317.0917319896177,1073.8419587677206,65.3181896841807,47.96553666060999,1.3177603470441013,1,0
2026-03-14 23:50:28.160485,CoreBankingApp,Production,255.79808464630915,1252.1675598546722,53.198194339989655,71.24339805351221,1.173448555597177,0,0
2026-03-14 23:55:28.160485,CoreBankingApp,Production,291.70941209532555,1075.4516369553169,66.59474350766423,69.45689705340753,1.301539430214385,1,0
2026-03-15 00:00:28.160485,CoreBankingApp,Production,304.3954610260114,1158.413403090206,69.58939926321744,69.88077856924085,0.9461724676653473,2,0
2026-03-15 00:05:28.160485,CoreBankingApp,Production,282.490433099555,1134.3062051566812,56.15682791240261,72.26796512586421,1.0233914567730014,1,0
2026-03-15 00:10:28.160485,CoreBankingApp,Production,278.59075217803405,1165.2210782427271,54.15933966964132,82.59986642624709,1.1415483183270456,0,0
2026-03-15 00:15:28.160485,CoreBankingApp,Production,300.42596099536627,1150.320270637602,52.653794529696704,61.04821942587901,1.2076162021014518,2,0
2026-03-15 00:20:28.160485,CoreBankingApp,Production,261.3317732730138,1297.3918702480594,60.648403914954805,63.394730351897834,0.9406178126121875,0,0
2026-03-15 00:25:28.160485,CoreBankingApp,Production,325.36639213887344,1209.2388135127994,78.71822775762755,67.42910795784125,1.1386352914174787,0,0
2026-03-15 00:30:28.160485,CoreBankingApp,Production,327.97248604240224,1335.0580566654364,66.32035693092901,66.34187655972657,1.5918631525032025,0,0
2026-03-15 00:35:28.160485,CoreBankingApp,Production,261.3173255650384,1297.915922013939,50.19229201175687,64.54459757122665,1.1756435704529904,1,0
2026-03-15 00:40:28.160485,CoreBankingApp,Production,269.9558952500739,969.7230921226678,73.61563522183792,70.76127627467892,0.9797409240103324,0,0
2026-03-15 00:45:28.160485,CoreBankingApp,Production,265.3095679973392,1251.851174379607,67.56986717474823,62.67452944334477,0.9376179727859901,1,0
2026-03-15 00:50:28.160485,CoreBankingApp,Production,323.461121198323,1098.6038963602552,70.3554463861717,66.944870076999,1.103050710342677,1,0
2026-03-15 00:55:28.160485,CoreBankingApp,Production,307.9338345474442,1151.7454872877368,69.52333505239315,60.04631987857748,2.120846755760783,1,1
2026-03-15 01:00:28.160485,CoreBankingApp,Production,264.93931226494647,1030.139342956854,73.33316915685629,69.32832306991881,2.3153730203828284,0,1
2026-03-15 01:05:28.160485,CoreBankingApp,Production,235.59400345272465,1260.4401631093478,55.38714720500807,59.70481595924186,1.8558188616824456,0,1
2026-03-15 01:10:28.160485,CoreBankingApp,Production,211.95158181931728,1193.1263961295901,60.328541235972004,60.90147705594359,2.184633737250053,1,1
2026-03-15 01:15:28.160485,CoreBankingApp,Production,269.0782941556826,1345.7329165561991,61.57781531435212,57.1857036670675,2.1192285772192716,1,1
2026-03-15 01:20:28.160485,CoreBankingApp,Production,239.66930658721833,1180.332122419124,59.96698180594947,69.66817542235785,2.5413559637084857,1,1
2026-03-15 01:25:28.160485,CoreBankingApp,Production,271.5971277401205,1139.089495488645,62.84148933214917,61.75626138230449,1.7241872252530868,1,1
2026-03-15 01:30:28.160485,CoreBankingApp,Production,254.8397214081745,1270.6841971338552,58.63831908250385,57.42881829834573,1.9504254129509522,3,1
2026-03-15 01:35:28.160485,CoreBankingApp,Production,261.6285835742834,1246.8309218636314,63.64600946665836,59.145346158180814,1.7419227983657746,2,1
2026-03-15 01:40:28.160485,CoreBankingApp,Production,248.93401744839304,1236.355718231542,41.83536875163716,78.32235791525366,1.9061396956772447,0,1
2026-03-15 01:45:28.160485,CoreBankingApp,Production,280.14749711919626,1419.3698395690965,49.736954205673044,67.36147332122948,2.267961861530566,1,1
2026-03-15 01:50:28.160485,CoreBankingApp,Production,341.78467910448734,1125.1044871076265,59.609793838047636,60.34669379088266,5.01238683373614,5,1
2026-03-15 01:55:28.160485,CoreBankingApp,Production,400.20537627150793,1139.3431418875207,59.7634233440858,66.22485353408432,2.561586836112218,4,1
2026-03-15 02:00:28.160485,CoreBankingApp,Production,350.71947445980874,1071.81382116893,62.88138012500528,64.89060508216993,3.0718316847467624,3,1
2026-03-15 02:05:28.160485,CoreBankingApp,Production,376.9451086394886,1273.8270081734736,60.25460569566183,64.69123955703924,2.336033740353741,3,1
2026-03-15 02:10:28.160485,CoreBankingApp,Production,244.09370713134132,1197.013400094679,37.86779627674707,66.05886513715443,3.4984919680918964,3,1
2026-03-15 02:15:28.160485,CoreBankingApp,Production,345.97930475193454,1115.330324437778,48.114012250914556,75.74564465606099,3.0789033962550634,3,1
2026-03-15 02:20:28.160485,CoreBankingApp,Production,278.98842024153197,1174.942148903162,53.33216612862057,69.76678029297207,3.1464759761091963,4,1
2026-03-15 02:25:28.160485,CoreBankingApp,Production,378.2399244679751,1154.2176793692024,57.33607151472055,65.25698532190042,2.9730942487895042,4,1
2026-03-15 02:30:28.160485,CoreBankingApp,Production,323.4128502187961,1172.8116297805057,55.445243433791006,66.71386105420095,2.2463808012920334,5,1
2026-03-15 02:35:28.160485,CoreBankingApp,Production,390.48690985574797,1218.6393975572132,50.919803013775734,72.39547551258585,2.6177193895012687,4,1
2026-03-15 02:40:28.160485,CoreBankingApp,Production,391.02776201971744,1162.25934314614,62.90844689694439,64.16810216347244,3.047606102933047,6,1
2026-03-15 02:45:28.160485,CoreBankingApp,Production,349.665030991664,1299.6699237460898,60.638228341258426,60.46411289171411,2.211710176951819,5,1
2026-03-15 02:50:28.160485,CoreBankingApp,Production,341.91504631366877,989.9997680253541,47.11999056123682,73.05536897789291,1.0529015705734035,0,0
2026-03-15 02:55:28.160485,CoreBankingApp,Production,305.02990259324145,1290.7637585242828,67.55747861008615,71.61118697186127,1.3409804568870574,1,0
2026-03-15 03:00:28.160485,CoreBankingApp,Production,262.44335580652535,1317.476303212548,58.03807361928767,49.749985431153036,1.269918714742506,1,0
2026-03-15 03:05:28.160485,CoreBankingApp,Production,284.30412979707324,997.8437632600608,52.79546751144632,71.89145572999237,0.875690020319554,0,0
2026-03-15 03:10:28.160485,CoreBankingApp,Production,245.03580490310827,1297.4696437230168,57.769806654410786,71.56197009611161,1.1126414977845605,1,0
2026-03-15 03:15:28.160485,CoreBankingApp,Production,333.86691901157286,1286.5854391360474,52.171794383004354,81.81050332976571,1.588306129980938,1,0
2026-03-15 03:20:28.160485,CoreBankingApp,Production,224.1654079908596,1042.3468788592709,47.14350252195043,75.03213403429292,0.9780222414874455,2,0
2026-03-15 03:25:28.160485,CoreBankingApp,Production,268.23969258649305,1114.3521649737795,61.747812261788205,59.80850297400334,0.8284922383740035,1,0
2026-03-15 03:30:28.160485,CoreBankingApp,Production,297.55541793884777,1241.0844128707197,59.59893935326606,57.79473108568268,1.2520805378718713,0,0
2026-03-15 03:35:28.160485,CoreBankingApp,Production,275.7225031100444,1303.7431772230286,66.63957135054737,53.86464242219692,1.2017172356182764,1,0
2026-03-15 03:40:28.160485,CoreBankingApp,Production,264.889679046982,1307.0046744171616,42.089783134016656,53.922083180175036,1.1867556608136582,2,0
2026-03-15 03:45:28.160485,CoreBankingApp,Production,295.01240336549836,1177.9580774689002,59.36299754535922,64.77089437512461,1.2640957972603597,2,0
2026-03-15 03:50:28.160485,CoreBankingApp,Production,279.5984280445701,1115.6597777770723,60.662603835223116,64.11514040389878,1.0254646415929103,1,0
2026-03-15 03:55:28.160485,CoreBankingApp,Production,317.8534314197544,986.879431353329,71.30467879003457,67.07053711218357,1.2287297190612527,0,0
2026-03-15 04:00:28.160485,CoreBankingApp,Production,282.73843364411084,1190.5965888374953,62.578415292159946,50.814466899087805,0.8475496553821973,0,0
2026-03-15 04:05:28.160485,CoreBankingApp,Production,331.1552832167001,1267.255308790656,74.73090881064437,82.8421357084832,1.248668273592653,2,0
2026-03-15 04:10:28.160485,CoreBankingApp,Production,254.09392652914698,1258.3911755731608,49.10482873711054,58.68283248501827,1.4941359810621853,0,0
2026-03-15 04:15:28.160485,CoreBankingApp,Production,269.2607967583758,1360.9193673750788,54.69714007881936,66.21112055251773,1.349771816231295,2,0
2026-03-15 04:20:28.160485,CoreBankingApp,Production,286.9204756828897,1080.6382714592971,59.788788704719956,64.57446686893175,1.1866547428364083,1,0
2026-03-15 04:25:28.160485,CoreBankingApp,Production,318.2887169672192,1389.5718716913634,56.62087983677397,65.9145175320904,1.3720501964642908,2,0
2026-03-15 04:30:28.160485,CoreBankingApp,Production,289.714386596454,1167.0743545091368,50.62330220242575,75.31840288096679,1.6325415368267855,0,0
2026-03-15 04:35:28.160485,CoreBankingApp,Production,215.6271395728161,1180.6695148273575,60.323082911409394,70.84203835256054,1.077117753302025,2,0
2026-03-15 04:40:28.160485,CoreBankingApp,Production,287.1973536157565,1233.310396451829,53.703249715604024,73.16496716283005,1.2939978477407261,0,0
2026-03-15 04:45:28.160485,CoreBankingApp,Production,317.2962560917144,1065.359035297578,64.07470085130367,60.76026727752735,0.8285549816663317,1,0
2026-03-15 04:50:28.160485,CoreBankingApp,Production,287.1997272499133,1380.2505200885253,60.36764965766996,68.25824156954393,1.7524988024571946,1,0
2026-03-15 04:55:28.160485,CoreBankingApp,Production,289.3709827794797,1196.3644462479072,65.73000389737314,76.52281445898353,1.1775367749887047,0,0
2026-03-15 05:00:28.160485,CoreBankingApp,Production,268.5477076892656,1208.7725242526046,52.63533329880296,68.41494248660833,1.2199563399475948,0,0
2026-03-15 05:05:28.160485,CoreBankingApp,Production,278.0359270067568,1280.1121834469404,57.413389014469516,62.147208396924405,1.010344727665909,1,0
2026-03-15 05:10:28.160485,CoreBankingApp,Production,312.580128895352,1152.3324003968842,69.91136656986623,65.14788374902204,1.1196209886179096,3,0
2026-03-15 05:15:28.160485,CoreBankingApp,Production,334.85447896841504,1093.313761300447,67.70656733787708,77.32330583437162,1.1558038388590017,0,0
2026-03-15 05:20:28.160485,CoreBankingApp,Production,302.2543996441056,1189.3778339977825,69.53516485989637,62.22145163712736,0.6950133645354646,4,0
2026-03-15 05:25:28.160485,CoreBankingApp,Production,299.24482436966576,1347.4736631463597,56.625855580918966,57.53976936297988,1.0989923760934905,0,0
2026-03-15 05:30:28.160485,CoreBankingApp,Production,250.83132317029563,1276.288668841114,46.30156468757423,62.81380144470282,1.1676829084096205,0,0
2026-03-15 05:35:28.160485,CoreBankingApp,Production,327.3071921153368,1282.8306971181585,62.598623127341426,69.06439964154266,1.3931308276814078,1,0
2026-03-15 05:40:28.160485,CoreBankingApp,Production,292.5488756233923,1154.7713565704871,50.82566068766374,65.33815655754584,1.0441304937534532,3,0
2026-03-15 05:45:28.160485,CoreBankingApp,Production,321.2279927389617,1222.4842757711922,49.74789285349987,72.70985763704009,1.5265720031922,1,0
2026-03-15 05:50:28.160485,CoreBankingApp,Production,282.6806777037211,1343.5387527832636,65.88943482117503,60.55322361857594,2.632766785889883,0,1
2026-03-15 05:55:28.160485,CoreBankingApp,Production,293.79728279384676,1160.3087077596253,63.75978875586814,69.41605425905261,2.4784282767410106,2,1
2026-03-15 06:00:28.160485,CoreBankingApp,Production,239.09945715624428,1364.1260154315842,62.308213314093926,67.16682025006828,2.593669989853035,0,1
2026-03-15 06:05:28.160485,CoreBankingApp,Production,289.730613835514,1211.4966440315352,47.88042137665521,70.96277485925896,2.4116577045490555,2,1
2026-03-15 06:10:28.160485,CoreBankingApp,Production,289.4256464087036,1273.4724483231182,82.44875986731637,64.62754783427094,3.0723931679005707,0,1
2026-03-15 06:15:28.160485,CoreBankingApp,Production,262.86158512898857,1076.6863855731508,55.551300185093204,57.49880767776554,1.8412562303906943,2,1
2026-03-15 06:20:28.160485,CoreBankingApp,Production,271.4444508687863,1253.9645025090556,41.80960272726527,66.17953851544797,2.8036596633346837,0,1
2026-03-15 06:25:28.160485,CoreBankingApp,Production,275.13903339619594,1104.7801341980798,55.358987836893725,56.14677622480934,2.0944365712173236,0,1
2026-03-15 06:30:28.160485,CoreBankingApp,Production,251.52036736712606,1194.790764937543,65.64174383782444,71.86053713791405,2.8729695058278555,0,1
2026-03-15 06:35:28.160485,CoreBankingApp,Production,321.41772672644026,1046.0218332424827,63.102112851327604,69.46129552854369,2.741516322596122,1,1
2026-03-15 06:40:28.160485,CoreBankingApp,Production,300.38252660476,1287.1668940951358,88.35733212929055,58.68579784558396,1.9768205962099892,2,1
2026-03-15 06:45:28.160485,CoreBankingApp,Production,184.1321242270462,1000.9541943157383,59.756179298487254,53.71266718144596,2.2804999277113716,3,1
2026-03-15 06:50:28.160485,CoreBankingApp,Production,325.8605333571916,1114.214849685382,57.71622037040067,62.311211349694595,1.3182643217040773,2,0
2026-03-15 06:55:28.160485,CoreBankingApp,Production,300.5590341276021,1135.624807501792,65.6224948607122,72.19180363563841,1.3370805259427185,1,0
2026-03-15 07:00:28.160485,CoreBankingApp,Production,275.0786825083781,1109.2185642277757,49.98968259881604,66.5421145465251,1.2153678391705176,2,0
2026-03-15 07:05:28.160485,CoreBankingApp,Production,283.6350400219934,1098.0476883580375,55.94917329546845,64.68105003451902,1.4165249837754628,0,0
2026-03-15 07:10:28.160485,CoreBankingApp,Production,305.7178583329011,1262.154155064477,60.859097635132,68.56558715080722,1.17228516158463,1,0
2026-03-15 07:15:28.160485,CoreBankingApp,Production,270.927125170591,1132.7091090639162,59.290029994091526,61.890072267611444,1.5372120035477392,1,0
2026-03-15 07:20:28.160485,CoreBankingApp,Production,288.9752017048485,1190.8248418377077,50.872411234974706,72.66550983930047,1.2172052398976636,0,0
2026-03-15 07:25:28.160485,CoreBankingApp,Production,217.23113792854056,1128.6886527442164,39.62535716772086,67.20415432029144,0.9268589034099003,0,0
2026-03-15 07:30:28.160485,CoreBankingApp,Production,323.6324267169415,1293.9993262471733,86.11985882329886,70.63106004262816,1.0179832730239418,0,0
2026-03-15 07:35:28.160485,CoreBankingApp,Production,290.84774188965537,1282.0174294100125,57.41890800476717,64.22607814906723,0.8490802996046458,3,0
2026-03-15 07:40:28.160485,CoreBankingApp,Production,241.1385335250656,1355.8084127800207,43.70933640075114,68.70078504100199,1.088064442303103,0,0
2026-03-15 07:45:28.160485,CoreBankingApp,Production,279.9870468816744,1140.4894004587084,46.230947285186296,62.85918535618961,1.24870695063374,0,0
2026-03-15 07:50:28.160485,CoreBankingApp,Production,296.2885344486282,1371.5879466737372,57.72956033826881,69.99796879499776,0.9701835738316816,1,0
2026-03-15 07:55:28.160485,CoreBankingApp,Production,321.9112625276657,1112.047521788667,53.539615689969615,67.85248015909242,1.066598082234849,3,0
2026-03-15 08:00:28.160485,CoreBankingApp,Production,266.3868172217469,1260.574047698516,43.026330285779956,60.27787001682425,0.8310993203412238,2,0
2026-03-15 08:05:28.160485,CoreBankingApp,Production,301.07973527195475,1288.2283012051796,55.59057706073976,65.52135993678384,1.4265130803326818,1,0
2026-03-15 08:10:28.160485,CoreBankingApp,Production,240.25326522914241,1327.8612600382594,67.57456346918381,54.88464810530556,0.6815257780011463,3,1
2026-03-15 08:15:28.160485,CoreBankingApp,Production,289.54435318225933,1216.091054756314,65.83866556305065,61.19082395085745,0.8995309293244453,0,1
2026-03-15 08:20:28.160485,CoreBankingApp,Production,251.58683422783034,1111.0142117799005,55.964394063266894,66.78304114011807,1.1204316251877255,1,1
2026-03-15 08:25:28.160485,CoreBankingApp,Production,279.7169275821119,1210.6675693826091,53.811359705776354,71.2426442422544,1.1348306881956522,2,1
2026-03-15 08:30:28.160485,CoreBankingApp,Production,262.87163786141286,1154.1507465363934,56.46100507526962,73.94537907228252,1.2470011737401667,1,1
2026-03-15 08:35:28.160485,CoreBankingApp,Production,255.50076759430203,1213.1477597624373,72.86499138037269,57.854589687292645,1.2768544654775236,1,1
2026-03-15 08:40:28.160485,CoreBankingApp,Production,247.5040929010914,1088.5833968368004,56.561125378206725,68.92600406884831,1.1129716387582063,1,1
2026-03-15 08:45:28.160485,CoreBankingApp,Production,285.17579335390275,1211.138690523154,51.454518608595706,67.76565031821784,1.026012131924694,0,1
2026-03-15 08:50:28.160485,CoreBankingApp,Production,211.5614009005068,1168.8014156119332,57.48588689838165,61.92961120042078,0.9450580267615414,2,1
2026-03-15 08:55:28.160485,CoreBankingApp,Production,288.55868813622936,1044.6172149855988,53.19719509962093,51.28299053438167,0.8891416099232253,2,1
2026-03-15 09:00:28.160485,CoreBankingApp,Production,297.8605275733879,1209.2510873488206,67.46524841221465,65.41783005021216,1.1385238898839478,1,1
2026-03-15 09:05:28.160485,CoreBankingApp,Production,253.18669968086132,1167.8962581278684,57.05741983522721,57.07700321676824,0.8482551681243227,1,1
2026-03-15 09:10:28.160485,CoreBankingApp,Production,274.07975450863415,1402.3047490787644,54.34577766141133,73.14299681303488,1.1347609160902186,0,1
2026-03-15 09:15:28.160485,CoreBankingApp,Production,276.01557664363065,1115.1283736572693,59.93503984768869,65.76891954469517,0.789125224989975,2,0
2026-03-15 09:20:28.160485,CoreBankingApp,Production,287.233889954507,1157.7811208914986,63.5584381523474,57.888903146367404,1.4004963389754352,1,0
2026-03-15 09:25:28.160485,CoreBankingApp,Production,343.75310406084634,1191.749031955406,74.05149959603908,62.67776039127191,1.2396850027405115,1,0
2026-03-15 09:30:28.160485,CoreBankingApp,Production,282.75571477897347,1191.1664033097088,64.65595046454857,62.82124040713657,0.9958593443309178,3,0
2026-03-15 09:35:28.160485,CoreBankingApp,Production,291.8200735052087,1174.9730066163545,51.016972847644965,65.5393308784649,1.1591620321738163,1,0
2026-03-15 09:40:28.160485,CoreBankingApp,Production,261.79723804682664,1034.0314712722286,63.45626810915639,62.321248566741865,2.740934485200935,1,1
2026-03-15 09:45:28.160485,CoreBankingApp,Production,261.2339241995786,1320.1338416276299,58.616860645239015,69.33228942395375,2.3316954369898504,3,1
2026-03-15 09:50:28.160485,CoreBankingApp,Production,302.11342820125384,1172.7164417302781,76.01415467496295,76.46644141573137,2.1243263803383114,0,1
2026-03-15 09:55:28.160485,CoreBankingApp,Production,320.30639703504244,1253.5578366961504,59.00467774656522,59.10445111036123,2.2545275610739672,0,1
2026-03-15 10:00:28.160485,CoreBankingApp,Production,321.47110137558644,1094.457155441305,70.91417689898078,59.75492873948427,1.3949741647021596,1,1
2026-03-15 10:05:28.160485,CoreBankingApp,Production,274.3120404854772,1065.7150000381703,71.54664029802134,56.71671874619782,2.043303975405227,4,1
2026-03-15 10:10:28.160485,CoreBankingApp,Production,263.18382415512957,1228.1932607604656,47.74772739874617,65.02477536696722,2.607458274458513,0,1
2026-03-15 10:15:28.160485,CoreBankingApp,Production,249.4956484831391,1221.0013268889072,65.31254906049962,54.76747401002956,2.1288846943976174,0,1
2026-03-15 10:20:28.160485,CoreBankingApp,Production,322.03925527406307,1223.7449051810836,71.97214897324416,77.76084589009211,2.3209940902691506,0,1
2026-03-15 10:25:28.160485,CoreBankingApp,Production,277.596728900549,1082.0433008062553,48.24461658221463,55.59182025649176,2.134670816388244,2,1
2026-03-15 10:30:28.160485,CoreBankingApp,Production,253.544795923451,1339.294378462782,59.638338017648294,68.38748973223032,2.733748569833021,1,1
2026-03-15 10:35:28.160485,CoreBankingApp,Production,253.08357280647522,1243.1913159725786,61.25919906644859,80.71930975423827,2.4377238930348297,4,1
2026-03-15 10:40:28.160485,CoreBankingApp,Production,319.8432003633369,1319.21682400426,55.743534503119065,79.1653874610486,1.3802847944947,1,0
2026-03-15 10:45:28.160485,CoreBankingApp,Production,339.60163834276256,1179.564875325335,51.77542738035909,64.5874143668639,1.174474556623719,0,0
2026-03-15 10:50:28.160485,CoreBankingApp,Production,264.5257090317733,1356.2726666203014,62.58831163610542,60.12089915291108,0.6512371861643375,1,0
2026-03-15 10:55:28.160485,CoreBankingApp,Production,315.70328133060735,1078.1719767112504,74.07986520422813,62.37221426817268,1.174627273486951,3,0
2026-03-15 11:00:28.160485,CoreBankingApp,Production,298.688063164415,1250.1861975328382,68.20593841073666,61.41758303573649,0.967008617164345,0,0
2026-03-15 11:05:28.160485,CoreBankingApp,Production,305.9559306607165,1106.7174812692497,59.75516613437303,54.47185143417706,1.0787473599257935,1,0
2026-03-15 11:10:28.160485,CoreBankingApp,Production,285.5070561759571,1212.2424917146236,53.10878425456536,58.036112944104104,1.2563431803951253,2,0
2026-03-15 11:15:28.160485,CoreBankingApp,Production,287.05193758295866,1156.4996124930724,49.255732212788374,73.77466554062286,1.3258378118490715,0,0
2026-03-15 11:20:28.160485,CoreBankingApp,Production,257.8831701808615,1229.745029898469,72.18211892968816,76.47310005168703,1.5001990181511795,0,0
2026-03-15 11:25:28.160485,CoreBankingApp,Production,289.4619281854071,1036.660039355912,57.311363619174315,63.05699276779997,1.421751069240367,3,0
2026-03-15 11:30:28.160485,CoreBankingApp,Production,360.51407170472885,1239.886577296773,77.18020578214715,76.63291957716575,1.166389786937481,0,0
2026-03-15 11:35:28.160485,CoreBankingApp,Production,296.81977978712234,1308.6199321928234,42.470274036757786,56.50852862098467,1.1110992148623136,0,0
2026-03-15 11:40:28.160485,CoreBankingApp,Production,314.7196863088491,1134.1210405533566,59.299832821988566,73.83826322685638,1.371833502620551,2,0
2026-03-15 11:45:28.160485,CoreBankingApp,Production,356.10012898650655,1250.0259187882393,67.30783017435692,63.06970640238381,1.0880401946015368,0,0
2026-03-15 11:50:28.160485,CoreBankingApp,Production,289.03965284851023,1385.4345763801641,65.30437509219526,62.39995044635904,1.2890366324077602,1,0
2026-03-15 11:55:28.160485,CoreBankingApp,Production,220.1300528366952,1221.2218436055375,56.72543332448477,59.294424858439484,1.027600004691298,1,0
2026-03-15 12:00:28.160485,CoreBankingApp,Production,226.5748961810771,1111.000120422515,44.657084946230476,54.47282273606231,1.251535148565798,0,0
2026-03-15 12:05:28.160485,CoreBankingApp,Production,296.08793810740326,1352.7932903354078,69.7364139806186,68.53225119979113,1.2909269058256991,0,0
2026-03-15 12:10:28.160485,CoreBankingApp,Production,320.81110463303037,1306.2921726383724,61.10813621194385,57.89112461981473,1.0025619847685978,1,0
2026-03-15 12:15:28.160485,CoreBankingApp,Production,304.168309093707,1242.9368983769925,52.85751208713265,73.63962756316641,1.4358419174390473,0,0
2026-03-15 12:20:28.160485,CoreBankingApp,Production,299.7862172210246,1191.424636495704,58.33909138633608,59.81359684501103,0.9156938622785742,2,0
2026-03-15 12:25:28.160485,CoreBankingApp,Production,288.73212668071136,1239.527376808244,42.71309607546905,55.35010728626383,0.9987148539888785,0,0
2026-03-15 12:30:28.160485,CoreBankingApp,Production,321.020246845053,1280.7315787123903,63.23479026968983,66.01687753684344,1.3107636733621353,0,0
2026-03-15 12:35:28.160485,CoreBankingApp,Production,252.05180039731107,1324.1285626168892,38.251235627052395,59.30509949745822,1.0318336357680342,1,0
2026-03-15 12:40:28.160485,CoreBankingApp,Production,280.3067572752873,1244.3727333928991,81.39957112461883,58.29878970252913,0.7909431382267833,1,0
2026-03-15 12:45:28.160485,CoreBankingApp,Production,310.21415313696684,1305.529189718384,55.925904337213105,61.81084258090485,1.1170686151100337,2,0
2026-03-15 12:50:28.160485,CoreBankingApp,Production,259.07123243631526,1158.9237411230406,74.95927495427127,79.98988983043176,0.9925067112606683,1,0
2026-03-15 12:55:28.160485,CoreBankingApp,Production,282.20422554819874,1109.0730514369384,33.89921300588746,78.5881084115801,1.2293629448804286,2,0
2026-03-15 13:00:28.160485,CoreBankingApp,Production,278.2037111001321,1218.2055063948148,68.01411933213213,70.36201030987277,0.9907522102996416,1,0
2026-03-15 13:05:28.160485,CoreBankingApp,Production,305.6755760456182,1138.6020362729637,57.71580636704107,59.224939138749974,1.1090469198383968,4,0
2026-03-15 13:10:28.160485,CoreBankingApp,Production,250.50887686298276,1217.4458631010152,61.06896150957059,62.3494482470876,1.2429315339146374,1,0
2026-03-15 13:15:28.160485,CoreBankingApp,Production,262.67149164801805,1322.2729890653973,65.81747196666717,59.124686158836255,1.1056412125369346,1,0
2026-03-15 13:20:28.160485,CoreBankingApp,Production,266.0523066152074,1233.9669918804404,58.32648866563044,49.94048459568839,0.928418456233199,1,0
2026-03-15 13:25:28.160485,CoreBankingApp,Production,306.8323804710112,1138.5558913697719,78.61845448846982,80.404072429542,1.1047270805727014,0,0
2026-03-15 13:30:28.160485,CoreBankingApp,Production,302.545335556107,1302.1028664011028,71.87858305793591,73.51577388270697,0.9309878623774301,1,0
2026-03-15 13:35:28.160485,CoreBankingApp,Production,308.8092728821091,1151.0651610304692,64.51949683613981,89.24270262847021,1.167685499053746,2,0
2026-03-15 13:40:28.160485,CoreBankingApp,Production,292.1914164282491,1290.4902053916985,57.17942298201736,64.03533660674435,1.4076526381939716,0,0
2026-03-15 13:45:28.160485,CoreBankingApp,Production,227.13325179272667,1141.2803474040245,54.4848384466226,60.49706487468173,2.4478052505239614,3,1
2026-03-15 13:50:28.160485,CoreBankingApp,Production,319.8296176657624,1382.9964222763272,51.3067653745331,75.70741305747121,2.4184474113599297,3,1
2026-03-15 13:55:28.160485,CoreBankingApp,Production,371.9017933684732,949.4617764185004,74.58704860783983,69.57538403896467,3.0811443557149945,2,1
2026-03-15 14:00:28.160485,CoreBankingApp,Production,286.18635609953964,1133.7217891790606,49.50143767616942,66.64306025425053,3.2268495368297607,4,1
2026-03-15 14:05:28.160485,CoreBankingApp,Production,290.73828836197015,1274.9684350815162,59.85737350689188,66.58917526956752,2.10967491776517,3,1
2026-03-15 14:10:28.160485,CoreBankingApp,Production,321.5023826241967,1073.9145332225355,66.97680549823025,67.42456921011036,2.155248408852488,2,1
2026-03-15 14:15:28.160485,CoreBankingApp,Production,242.4165094956047,1303.6878815951993,45.16192856415769,52.78712030786052,1.8971044499709377,2,1
2026-03-15 14:20:28.160485,CoreBankingApp,Production,336.70648513201456,1126.2538871044499,52.97553686811749,76.67781952064938,5.651792789085435,4,1
2026-03-15 14:25:28.160485,CoreBankingApp,Production,318.6038515870829,1184.775314743783,53.01604416368878,66.88355809942979,5.400351866115835,3,1
2026-03-15 14:30:28.160485,CoreBankingApp,Production,366.96447067739007,1280.4533766372276,67.4671480484711,66.5834194366441,5.075160394417869,5,1
2026-03-15 14:35:28.160485,CoreBankingApp,Production,350.667580779856,1185.5167755099592,66.57180144257975,73.78624411210002,7.282221235689118,3,1
2026-03-15 14:40:28.160485,CoreBankingApp,Production,347.67340842143557,1135.898823586546,58.106401889701814,54.97312293205011,6.044301296932085,3,1
2026-03-15 14:45:28.160485,CoreBankingApp,Production,329.47398411295103,1152.9872578796817,76.09885414620875,69.57754936700721,5.6331718856281,2,1
2026-03-15 14:50:28.160485,CoreBankingApp,Production,317.4388315200049,1013.1579181793562,61.80368560367557,62.190411093833816,2.4790902401587607,0,1
2026-03-15 14:55:28.160485,CoreBankingApp,Production,371.78832838559066,1149.1279911877216,69.75648869456346,79.0608001159247,3.068191252270146,1,1
2026-03-15 15:00:28.160485,CoreBankingApp,Production,343.11214776152275,1088.8121552856583,77.25906021488277,57.42767708372321,1.3937139426856275,0,1
2026-03-15 15:05:28.160485,CoreBankingApp,Production,335.16042045547465,1162.3551318072646,69.45762717960464,65.26125783567018,2.6185641654358314,1,1
2026-03-15 15:10:28.160485,CoreBankingApp,Production,309.4751981925576,1232.592273867655,60.36756258367649,61.52332961033051,2.8074626763442474,0,1
2026-03-15 15:15:28.160485,CoreBankingApp,Production,302.37853969355274,1356.2424640718898,54.65235175900806,66.96636496385321,2.383009451383892,3,1
2026-03-15 15:20:28.160485,CoreBankingApp,Production,259.1291184945382,1122.875890151205,52.672204075703455,64.87283353372831,1.3674362896256902,1,0
2026-03-15 15:25:28.160485,CoreBankingApp,Production,323.25043445876963,1164.7080997402015,72.2367974961455,56.44570406336972,1.5038867144253039,0,0
2026-03-15 15:30:28.160485,CoreBankingApp,Production,310.3687175661421,1016.813535995432,77.63953650972012,74.22574942900557,1.5391230244554202,2,0
2026-03-15 15:35:28.160485,CoreBankingApp,Production,312.26625290491154,1314.5427001677638,63.324541464515924,77.22549828155974,1.304892421295484,1,0
2026-03-15 15:40:28.160485,CoreBankingApp,Production,324.31300055267775,1293.4571218616052,57.0438112767613,62.665158491400156,1.2665663441237753,0,0
2026-03-15 15:45:28.160485,CoreBankingApp,Production,233.21603289498893,1063.7663329691088,64.05359684113952,64.26895683475679,1.2976942306145471,2,0
2026-03-15 15:50:28.160485,CoreBankingApp,Production,282.7842426927959,1329.4162122354899,81.63037079713192,55.91748174005172,0.8568138028999013,0,0
2026-03-15 15:55:28.160485,CoreBankingApp,Production,178.752764934245,1298.9567272544143,48.91250894855408,60.8585890292817,0.8346263909291974,3,1
2026-03-15 16:00:28.160485,CoreBankingApp,Production,210.60532117423995,1036.6634086144425,57.060949881984044,71.62204565369983,0.7128412864563981,0,1
2026-03-15 16:05:28.160485,CoreBankingApp,Production,178.07768413090426,1333.795362580532,67.71836395027451,58.41226951299295,0.7504417030351159,2,1
2026-03-15 16:10:28.160485,CoreBankingApp,Production,157.28594027431026,1196.3862458046708,62.43356137163578,58.318990339056526,0.6044434725079059,0,1
2026-03-15 16:15:28.160485,CoreBankingApp,Production,178.68712615207428,1230.7163377181275,69.95212787310975,80.59878211656266,0.6129835274319715,2,1
2026-03-15 16:20:28.160485,CoreBankingApp,Production,200.46813622007272,1161.7666188106223,58.56736760819967,64.97431850713713,0.7925400471685868,1,1
2026-03-15 16:25:28.160485,CoreBankingApp,Production,170.49650898053764,1199.050640876531,53.72013850257585,64.4503483870231,0.37081584830753084,2,1
2026-03-15 16:30:28.160485,CoreBankingApp,Production,169.95357681841668,1327.675081360342,62.932653774191316,63.35239903736348,0.752997526230637,1,1
2026-03-15 16:35:28.160485,CoreBankingApp,Production,159.38767103941396,1235.4928424101922,54.83574877701944,59.24264427585751,0.7718445932920439,0,1
2026-03-15 16:40:28.160485,CoreBankingApp,Production,160.1401566367771,1306.6571206992976,71.48172607304423,72.13922895391288,0.8631723053096044,0,1
2026-03-15 16:45:28.160485,CoreBankingApp,Production,194.33910834026997,1282.7989228862054,59.51138317191188,52.52236973416973,0.7299555950108272,1,1
2026-03-15 16:50:28.160485,CoreBankingApp,Production,144.40139335520885,1183.949025509395,52.59582222480756,56.877544265009575,0.6346847940022872,1,1
2026-03-15 16:55:28.160485,CoreBankingApp,Production,186.33370053433921,1164.4231283657507,44.84930548179088,49.64590378100375,0.8932069178274121,1,1
2026-03-15 17:00:28.160485,CoreBankingApp,Production,241.14365226068645,1244.187373328751,64.23531153582078,63.92679382612254,0.6535869952438375,1,1
2026-03-15 17:05:28.160485,CoreBankingApp,Production,205.42578162589987,1017.4487814892782,67.57597774393254,70.92827434314694,0.8941844792508323,2,1
2026-03-15 17:10:28.160485,CoreBankingApp,Production,293.3524671204676,1337.8886361401771,77.7724557820748,71.60167590299018,1.3750170065339486,0,0
2026-03-15 17:15:28.160485,CoreBankingApp,Production,265.44123396720454,1261.0893911751687,67.48233514049842,65.25558515291948,0.8550188280831156,2,0
2026-03-15 17:20:28.160485,CoreBankingApp,Production,324.98334191437016,1152.5317311645153,62.288142597501064,69.81274682169935,1.5442455239828452,1,0
2026-03-15 17:25:28.160485,CoreBankingApp,Production,267.20875435363524,1290.2574968860374,70.60755562058124,59.46156922898769,1.2229466501969946,2,0
2026-03-15 17:30:28.160485,CoreBankingApp,Production,294.6806800071294,1073.9034372919702,50.17415134841977,72.14237797383366,1.2069530995655573,0,0
2026-03-15 17:35:28.160485,CoreBankingApp,Production,308.8435917127333,1155.3107205531262,65.74873945225666,60.540435706800444,1.0413550941316643,2,0
2026-03-15 17:40:28.160485,CoreBankingApp,Production,297.3420694364915,1225.724057345052,76.1095173416939,74.69481996898382,1.1322076635940104,1,0
2026-03-15 17:45:28.160485,CoreBankingApp,Production,332.5807291387273,1211.3945470166527,64.80198206402115,71.89411985746435,1.5406466961300929,1,0
2026-03-15 17:50:28.160485,CoreBankingApp,Production,282.42919168626565,1315.0446991156791,67.95151106942241,57.05918234609058,0.8411774764781983,1,0
2026-03-15 17:55:28.160485,CoreBankingApp,Production,287.6172929660147,1083.7889836070883,42.841605098808074,58.34372466586358,1.0821797043710666,2,0
2026-03-15 18:00:28.160485,CoreBankingApp,Production,297.1982998263388,1147.554441339986,51.597278886381105,60.00313365193789,1.2175887195588189,0,0
2026-03-15 18:05:28.160485,CoreBankingApp,Production,510.2888544782938,1299.3375042398213,76.9047075456935,63.056062436926425,2.666105733742532,6,1
2026-03-15 18:10:28.160485,CoreBankingApp,Production,533.5432227693121,1274.9689236614283,79.74785756283205,70.79663683758072,4.353308187829874,5,1
2026-03-15 18:15:28.160485,CoreBankingApp,Production,476.569326166038,1206.1008783737732,73.53074909501505,66.21013268996526,4.147747733128596,6,1
2026-03-15 18:20:28.160485,CoreBankingApp,Production,497.7634971515752,1063.916270308582,68.73174386553592,75.47629488494104,4.353547849834884,7,1
2026-03-15 18:25:28.160485,CoreBankingApp,Production,510.8572900201014,992.0744606847934,69.58148242337676,73.8824668976755,4.269889424663589,7,1
2026-03-15 18:30:28.160485,CoreBankingApp,Production,541.0187970608727,1039.630049854738,67.86625403056098,75.47063472779664,4.400299585302205,5,1
2026-03-15 18:35:28.160485,CoreBankingApp,Production,557.8600775828832,1150.7664161411371,59.076226556957934,63.374640229059516,4.388732170153775,6,1
2026-03-15 18:40:28.160485,CoreBankingApp,Production,514.805365217402,1011.2208048432765,63.588931492137306,63.7588533510158,3.3432889921104905,6,1
2026-03-15 18:45:28.160485,CoreBankingApp,Production,476.49841412311184,1219.8579523757726,49.148062534734244,61.27493433975067,3.492606951884075,8,1
2026-03-15 18:50:28.160485,CoreBankingApp,Production,416.25522332402886,1292.0356690616131,61.03961880880947,80.22535860793802,4.458877301015649,6,1
2026-03-15 18:55:28.160485,CoreBankingApp,Production,804.935192008706,1273.7865754663414,72.13797771751258,66.90889389706747,11.934988853861075,10,1
2026-03-15 19:00:28.160485,CoreBankingApp,Production,740.8563798834708,994.0815615495683,53.81210366299273,60.38074729277167,11.239298401823799,10,1
2026-03-15 19:05:28.160485,CoreBankingApp,Production,688.4902673830535,1113.592351526991,67.73214636608742,61.96697671720931,12.797167899304712,9,1
2026-03-15 19:10:28.160485,CoreBankingApp,Production,583.0336923964608,1348.2808403293661,46.83624977690546,50.97520382289056,8.518684823787916,7,1
2026-03-15 19:15:28.160485,CoreBankingApp,Production,528.4990622411015,1267.6076785408386,68.88773644091681,69.36988266618512,12.196776738523349,6,1
2026-03-15 19:20:28.160485,CoreBankingApp,Production,897.4034521413189,1101.2769410967585,53.60178947496554,43.314117495249214,23.629912044208663,13,1
2026-03-15 19:25:28.160485,CoreBankingApp,Production,1141.6798153044952,1155.8960175427333,67.27118977593443,74.28075991397363,35.986252912287725,12,1
2026-03-15 19:30:28.160485,CoreBankingApp,Production,890.6062763028873,1238.032910269389,41.60220226254313,68.13880151639009,25.843836461130124,11,1
2026-03-15 19:35:28.160485,CoreBankingApp,Production,990.2252504521091,1194.588640917949,62.21410772269126,64.54034832079981,41.72867361725046,12,1
2026-03-15 19:40:28.160485,CoreBankingApp,Production,872.580874887375,1266.5855016662072,63.61805168747398,70.0690509567229,31.24354164188654,12,1
2026-03-15 19:45:28.160485,CoreBankingApp,Production,1012.4163110693772,1363.7116950875416,67.50921416414145,69.682986953752,31.56443513814963,11,1
2026-03-15 19:50:28.160485,CoreBankingApp,Production,916.9622056882922,1228.641536823719,77.24704915877695,51.45069471575508,26.441200984107017,12,1
2026-03-15 19:55:28.160485,CoreBankingApp,Production,861.5819833312379,1185.5977641099394,65.35990840061807,73.81628634803215,35.55239739285437,12,1
2026-03-15 20:00:28.160485,CoreBankingApp,Production,686.8293946354362,1242.591007532779,58.560518756758235,61.23313842786728,13.661528928202273,9,1
2026-03-15 20:05:28.160485,CoreBankingApp,Production,670.2751784455053,1107.9044883200445,45.863853358309356,58.659292786190655,9.965641162456718,9,1
2026-03-15 20:10:28.160485,CoreBankingApp,Production,534.0268715141632,1147.5837979490925,47.049641454075086,64.45188728123833,3.8508761025373386,5,1
2026-03-15 20:15:28.160485,CoreBankingApp,Production,508.70503854751126,1267.5749173754696,53.224997963799595,82.46130148867448,4.547643531104641,5,1
2026-03-15 20:20:28.160485,CoreBankingApp,Production,273.7136375536295,1173.4307000540284,63.6714457106544,63.100430785121596,0.9057298973863237,1,0
2026-03-15 20:25:28.160485,CoreBankingApp,Production,217.59607746098368,1078.040263614532,48.59033747610857,61.23141759597473,1.591459043607987,2,0
2026-03-15 20:30:28.160485,CoreBankingApp,Production,308.38534808359964,1393.4924337930902,58.63464500610162,61.64605083227803,0.9672032103907325,0,0
2026-03-15 20:35:28.160485,CoreBankingApp,Production,342.167596003856,1311.4355947524364,91.09865624953943,63.08831768064045,0.9649985541627157,0,0
2026-03-15 20:40:28.160485,CoreBankingApp,Production,294.2686619454963,1292.4962133116335,61.21256683325765,68.84906758981433,1.4162583852133634,2,0
2026-03-15 20:45:28.160485,CoreBankingApp,Production,335.0292829756551,1047.655935239961,61.177209500637154,69.59434622941494,1.1203110431911933,2,0
2026-03-15 20:50:28.160485,CoreBankingApp,Production,250.70557574902264,1139.4271765087988,51.81775679364209,67.0137428852609,1.0483039531602654,1,0
2026-03-15 20:55:28.160485,CoreBankingApp,Production,287.59729944945843,1278.0461793102959,56.0945028535028,52.77981900543964,0.6817183753071183,1,0
2026-03-15 21:00:28.160485,CoreBankingApp,Production,327.75187216405277,1410.3498863332127,60.19708588257506,57.68881724646704,1.3864787875600129,0,0
2026-03-15 21:05:28.160485,CoreBankingApp,Production,284.6611279316617,1367.567525138097,56.985210441967226,58.5084731232544,1.207928592075346,0,0
2026-03-15 21:10:28.160485,CoreBankingApp,Production,304.9704896520562,1164.5816540999417,61.805194592437914,68.80974855092335,1.4747346675580957,2,0
2026-03-15 21:15:28.160485,CoreBankingApp,Production,285.4179799327203,1337.7902410339373,68.7226053873449,74.4934232749113,0.9392172356703451,0,0
2026-03-15 21:20:28.160485,CoreBankingApp,Production,295.6451668868309,1009.9083804638803,66.18692196556002,70.972724918339,1.425593849241467,2,0
2026-03-15 21:25:28.160485,CoreBankingApp,Production,291.7437898469775,1309.6089145219496,52.6833091764001,71.40602256326022,1.2969162810398411,0,0
2026-03-15 21:30:28.160485,CoreBankingApp,Production,241.32473588572677,1197.0506526622496,61.324334509278046,73.31680971061928,1.1051836997340032,0,0
2026-03-15 21:35:28.160485,CoreBankingApp,Production,257.06504259595846,1128.644268607892,65.11973529883325,69.08478113430182,1.1354484093804873,1,0
2026-03-15 21:40:28.160485,CoreBankingApp,Production,247.69832982028126,1221.7429413592456,55.56427100474102,74.43400651954808,1.4598581700395719,1,0
2026-03-15 21:45:28.160485,CoreBankingApp,Production,269.39892555813196,1151.9720015013504,51.349834850991314,58.691114766482656,1.3009118692522255,1,0
2026-03-15 21:50:28.160485,CoreBankingApp,Production,297.8037666846949,1220.4056130715476,86.9088888002458,62.3420796428274,1.1882072947426279,2,0
2026-03-15 21:55:28.160485,CoreBankingApp,Production,233.95394747902202,1137.7681361842222,50.546019207812606,68.92134747678364,1.2264609710259273,0,0
2026-03-15 22:00:28.160485,CoreBankingApp,Production,261.0246208813626,1089.2085808889574,48.39632605071944,80.70963712807023,1.3088054958456836,2,0
2026-03-15 22:05:28.160485,CoreBankingApp,Production,252.24177047165097,1317.8858768091195,53.00052071138459,65.14912952585222,0.9743067294873684,1,0
2026-03-15 22:10:28.160485,CoreBankingApp,Production,312.31748389308177,1118.241425819633,71.53493172626371,51.98535841652792,0.7262340339110314,2,0
2026-03-15 22:15:28.160485,CoreBankingApp,Production,284.1261732742487,1362.0301547707077,65.83377591896812,68.94075449439099,1.0905715925219703,0,0
2026-03-15 22:20:28.160485,CoreBankingApp,Production,267.69507476684,1210.6213543513961,53.17756880101929,67.96096069555176,1.0228632506753534,1,0
2026-03-15 22:25:28.160485,CoreBankingApp,Production,344.79722683089597,1242.1002348250415,74.88487347984719,74.70283146163564,1.12053483393059,3,0
2026-03-15 22:30:28.160485,CoreBankingApp,Production,295.4876587966513,1147.899770403597,67.15321827751178,80.01495906462527,1.453193329630238,0,0
2026-03-15 22:35:28.160485,CoreBankingApp,Production,324.41989237709936,1225.5527699631666,66.56557759738094,55.58114549957935,0.518790996038697,2,0
2026-03-15 22:40:28.160485,CoreBankingApp,Production,344.2558242940871,1249.8208906368834,72.59060462779053,70.1667823323977,0.9732148581354785,2,0
2026-03-15 22:45:28.160485,CoreBankingApp,Production,331.7239781041891,1210.5199938668625,64.74306499330555,59.14514186900219,0.7530696103192349,2,0
2026-03-15 22:50:28.160485,CoreBankingApp,Production,307.9065601409252,1166.8167047026827,63.35422245516463,71.65771155134487,1.2614205764119595,1,0
2026-03-15 22:55:28.160485,CoreBankingApp,Production,317.1597686150959,1124.2265666551689,61.85767663715274,69.84812332927899,0.8050226524296283,1,0
2026-03-15 23:00:28.160485,CoreBankingApp,Production,265.0093825379631,1289.1072965637322,63.517367511194756,58.04219090927229,1.0167463532106333,1,0
2026-03-15 23:05:28.160485,CoreBankingApp,Production,333.3729298947634,1224.7429254117683,62.608369417264235,68.33886544068314,1.2413232619198928,0,0
2026-03-15 23:10:28.160485,CoreBankingApp,Production,298.8164021662872,1274.9718684236718,79.92084973949048,69.77008306785402,1.107389077265698,0,0
2026-03-15 23:15:28.160485,CoreBankingApp,Production,286.6465564694015,1326.2916715520882,57.12653309426852,73.90510756144923,1.1331410107791842,1,0
2026-03-15 23:20:28.160485,CoreBankingApp,Production,259.3133177491972,1228.1487946408258,44.06741355478574,65.87854212512048,1.4580350779656095,1,0
2026-03-15 23:25:28.160485,CoreBankingApp,Production,270.2832563741717,1088.3408581122685,64.95047039703054,66.21073893350074,1.1683861858335471,2,0
2026-03-15 23:30:28.160485,CoreBankingApp,Production,333.3238276888603,1093.2884952419697,56.10561737188138,64.99019987090215,1.1291384876982824,2,0
2026-03-15 23:35:28.160485,CoreBankingApp,Production,306.3033146428279,1328.972541244766,83.9932975155881,49.93483150939815,1.1131700121836137,1,0
2026-03-15 23:40:28.160485,CoreBankingApp,Production,184.69589567184198,1223.199596979858,39.71288032557383,59.27517424113606,1.063150489526279,2,0
2026-03-15 23:45:28.160485,CoreBankingApp,Production,304.95922413851133,1176.920712505965,62.00372309599484,83.90946388258348,1.132025815712392,1,0
2026-03-15 23:50:28.160485,CoreBankingApp,Production,294.443938643684,1262.3463709146113,63.21825106129852,54.70804427139911,0.8851007974455671,2,0
2026-03-15 23:55:28.160485,CoreBankingApp,Production,281.7597921862722,1167.9525958223933,68.73214207223923,64.90641355793855,1.3874519147525173,1,0
2026-03-16 00:00:28.160485,CoreBankingApp,Production,252.40089174799905,1279.9034766214359,42.743681981166844,45.526020363763465,1.1974855332176486,0,0
2026-03-16 00:05:28.160485,CoreBankingApp,Production,381.6596309778278,1077.9377483240626,71.00337334057774,63.29370648254933,2.8993860092907795,5,1
2026-03-16 00:10:28.160485,CoreBankingApp,Production,345.6777733068995,1048.131731860931,65.5041694945194,83.57451295343245,2.98973877799884,3,1
2026-03-16 00:15:28.160485,CoreBankingApp,Production,447.71777200569574,1203.4388979976407,53.072675345639475,70.61650110346592,5.808477210544652,7,1
2026-03-16 00:20:28.160485,CoreBankingApp,Production,462.45217806013477,1206.9821251437806,56.53159405486029,68.19511202248037,6.256669671709619,7,1
2026-03-16 00:25:28.160485,CoreBankingApp,Production,400.4366413394133,1248.7860953592387,50.80160963451523,51.93037336302071,4.533578981746214,8,1
2026-03-16 00:30:28.160485,CoreBankingApp,Production,376.195386075628,1339.0959933383192,54.714624028163016,62.71181112485814,4.642736597917762,8,1
2026-03-16 00:35:28.160485,CoreBankingApp,Production,480.8148590500804,1190.1885237758304,64.56560694801739,61.15267250498312,6.980618187899362,8,1
2026-03-16 00:40:28.160485,CoreBankingApp,Production,388.482848528027,1055.12700942035,63.76330734245197,70.76947167163411,6.648375275834516,6,1
2026-03-16 00:45:28.160485,CoreBankingApp,Production,372.5207844537132,1213.563483446994,66.146149679103,67.28789278676662,5.506936796620943,6,1
2026-03-16 00:50:28.160485,CoreBankingApp,Production,476.8564129628664,1067.7353852324202,55.56509158784311,54.01099867146532,5.732872373751545,6,1
2026-03-16 00:55:28.160485,CoreBankingApp,Production,411.3626243323678,1444.4787188542448,49.79899689385429,70.17980469985534,7.369525492673557,7,1
2026-03-16 01:00:28.160485,CoreBankingApp,Production,411.33293903508434,1342.345479748185,59.09981467248128,71.48232748518683,8.14935132402855,6,1
2026-03-16 01:05:28.160485,CoreBankingApp,Production,398.73653477524556,1148.5987620586145,67.09484497696666,76.76152086080207,3.310497852865354,3,1
2026-03-16 01:10:28.160485,CoreBankingApp,Production,390.65673428556903,1101.4846913659187,66.77127272529344,62.92757145123039,6.648937448948171,3,1
2026-03-16 01:15:28.160485,CoreBankingApp,Production,262.69657371528353,1411.5265762391837,60.74805317378912,71.87155185942255,2.758779274069642,0,1
2026-03-16 01:20:28.160485,CoreBankingApp,Production,243.86322223946638,1439.7029420236665,41.47803135202932,52.45064559637643,2.3633726543569322,0,1
2026-03-16 01:25:28.160485,CoreBankingApp,Production,290.1446773142358,1269.7363399958624,46.145109645797646,52.277653032708585,1.796327748373394,0,1
2026-03-16 01:30:28.160485,CoreBankingApp,Production,358.64471186301694,1268.428850917891,62.29848100949715,66.41234607285523,2.471035813116758,0,1
2026-03-16 01:35:28.160485,CoreBankingApp,Production,286.0615182822434,1239.931029351887,48.39740329200761,71.04015647764952,2.3711580177417035,2,1
2026-03-16 01:40:28.160485,CoreBankingApp,Production,268.88934729860165,1175.726595845685,42.33552320143201,61.936141052000295,2.0527354952757957,1,1
2026-03-16 01:45:28.160485,CoreBankingApp,Production,350.28872010166594,1083.4218907805139,57.355814379011136,54.90507423420342,2.3248233684168436,0,1
2026-03-16 01:50:28.160485,CoreBankingApp,Production,327.065742964697,1293.074209048262,57.400462653482705,65.143442264262,2.6547067547332954,3,1
2026-03-16 01:55:28.160485,CoreBankingApp,Production,312.6807843040109,1183.5967761655904,67.93010134920466,64.80400155281363,3.1896047364663023,0,1
2026-03-16 02:00:28.160485,CoreBankingApp,Production,299.4357527640504,1358.236308643125,52.430430326393896,61.92826522783704,2.3597358998217715,0,1
2026-03-16 02:05:28.160485,CoreBankingApp,Production,327.4447215410505,1129.6362349264637,59.741992770361975,71.44085406018162,2.798024381005713,1,1
2026-03-16 02:10:28.160485,CoreBankingApp,Production,275.6435414151628,1250.7963767881788,64.09251662615245,67.5923290900616,1.4490197444551622,1,0
2026-03-16 02:15:28.160485,CoreBankingApp,Production,283.3488617557274,1253.0611526327064,63.07941847566659,70.06450702118384,1.3320816961657704,0,0
2026-03-16 02:20:28.160485,CoreBankingApp,Production,313.63757095083065,1158.3201404774184,63.41251961157202,59.26420258076509,0.9757032953895051,0,0
2026-03-16 02:25:28.160485,CoreBankingApp,Production,268.8737647063356,1163.1295685624405,64.45252976524584,68.21744646141406,1.1456385764189947,0,0
2026-03-16 02:30:28.160485,CoreBankingApp,Production,253.88262157790365,1325.7043255676322,60.37069390296595,58.255571694305885,1.3048120004591401,1,0
2026-03-16 02:35:28.160485,CoreBankingApp,Production,315.8814630806846,1235.1961539690367,59.53228365754683,58.078353964850166,1.1860009235600837,0,0
2026-03-16 02:40:28.160485,CoreBankingApp,Production,285.9943890626505,1209.771357191357,50.873171920099,68.64179065551771,1.2388806227539473,2,0
2026-03-16 02:45:28.160485,CoreBankingApp,Production,267.3953061503451,1147.023676914421,71.72314092580113,56.522066454682815,1.4392621687282614,2,0
2026-03-16 02:50:28.160485,CoreBankingApp,Production,306.6977658148302,1273.627352017843,82.98380093628798,76.6838347611575,1.1798376784586535,1,0
2026-03-16 02:55:28.160485,CoreBankingApp,Production,320.6058553593664,1189.4457671109858,40.684125924323574,71.7804228587691,1.2990479981060048,1,0
2026-03-16 03:00:28.160485,CoreBankingApp,Production,294.76604741242426,1254.6213201906578,55.02714015792734,63.1833155489267,2.610864756959871,3,1
2026-03-16 03:05:28.160485,CoreBankingApp,Production,418.6991759867644,1262.1538936844988,72.14666533388215,67.23247096087539,2.671682403920308,5,1
2026-03-16 03:10:28.160485,CoreBankingApp,Production,317.29168549142383,1278.4743702225082,49.154474661675366,59.17513794532524,2.487971507442953,4,1
2026-03-16 03:15:28.160485,CoreBankingApp,Production,342.4237125370988,1152.9145372585142,52.11571124532739,77.9946071681876,2.98855222877078,3,1
2026-03-16 03:20:28.160485,CoreBankingApp,Production,377.60675616483263,1180.4347860357977,74.70221284066828,72.43642752316626,2.694800786721965,4,1
2026-03-16 03:25:28.160485,CoreBankingApp,Production,374.73867457148435,1188.8052734966855,74.5138750958634,69.52388982321398,2.457005942768774,4,1
2026-03-16 03:30:28.160485,CoreBankingApp,Production,353.5897676649174,1022.8920471625397,66.6379984603904,58.56301517236561,3.3259376557614324,5,1
2026-03-16 03:35:28.160485,CoreBankingApp,Production,333.37279768215205,1128.7781739733405,35.7805557698277,69.14798978106806,3.939206433354191,5,1
2026-03-16 03:40:28.160485,CoreBankingApp,Production,271.48377790784264,1248.2221553772335,68.66817818422963,62.05481891407549,2.1024534902813787,8,1
2026-03-16 03:45:28.160485,CoreBankingApp,Production,362.63106398831997,1255.6509035693568,56.28377065429517,75.60812608272637,2.624579796621881,3,1
2026-03-16 03:50:28.160485,CoreBankingApp,Production,312.9526374630683,1143.793579160618,58.766126993537824,59.896460153681474,7.475507225604537,3,1
2026-03-16 03:55:28.160485,CoreBankingApp,Production,491.1845962703864,1340.175771790021,69.96809867471431,54.6664733476283,7.803694241129951,4,1
2026-03-16 04:00:28.160485,CoreBankingApp,Production,469.565015102432,1029.5729086053211,77.10720439396111,60.0665661937637,6.116991186623438,3,1
2026-03-16 04:05:28.160485,CoreBankingApp,Production,595.9127270443386,1220.0316589376077,51.42137533981028,56.87192467529545,6.377593187873828,3,1
2026-03-16 04:10:28.160485,CoreBankingApp,Production,687.5299240679477,1200.9470110927239,76.1013097649963,65.85757509353822,6.210374411779511,4,1
2026-03-16 04:15:28.160485,CoreBankingApp,Production,666.6221062537352,1040.1024259094554,69.34399454619385,68.15117731424583,7.657756753436195,4,1
2026-03-16 04:20:28.160485,CoreBankingApp,Production,568.2743629904215,1144.2864353147909,54.42385721229232,72.2116027243372,10.253859652066724,4,1
2026-03-16 04:25:28.160485,CoreBankingApp,Production,461.4625014170205,1058.1237502921226,53.4188037062955,63.85845911968214,10.190341861534293,3,1
2026-03-16 04:30:28.160485,CoreBankingApp,Production,553.0573108262446,1108.1594132406067,55.937082658203586,60.61798908644768,10.36068660247799,5,1
2026-03-16 04:35:28.160485,CoreBankingApp,Production,631.5895170141794,1217.6657252860996,58.96438380637459,69.74397855638968,9.828157978546237,5,1
2026-03-16 04:40:28.160485,CoreBankingApp,Production,565.8055695339509,1215.9793807205729,64.02283407261295,73.45233682352418,9.05435497959031,4,1
2026-03-16 04:45:28.160485,CoreBankingApp,Production,546.4073616334089,1183.4823250386767,62.93236293744128,69.87982098067972,12.898634442453,3,1
2026-03-16 04:50:28.160485,CoreBankingApp,Production,447.0620923116267,1337.207347888255,66.0657914219734,61.843317343712634,2.2475165090684737,6,1
2026-03-16 04:55:28.160485,CoreBankingApp,Production,429.6288775592002,966.0453225002227,41.86255110339965,80.15297623247208,4.6393590530217566,4,1
2026-03-16 05:00:28.160485,CoreBankingApp,Production,403.5196848290922,1169.6971136710706,69.64262650536911,49.69124939937815,2.2828323736896152,4,1
2026-03-16 05:05:28.160485,CoreBankingApp,Production,363.19725817095576,1201.1452283466872,60.99917407423743,67.60451007030582,2.693509527910436,3,1
2026-03-16 05:10:28.160485,CoreBankingApp,Production,280.9826799044778,1096.3705130331061,61.10433539485095,72.87380568029374,0.9232376416354845,0,1
2026-03-16 05:15:28.160485,CoreBankingApp,Production,247.50600808561472,1267.8647667275193,58.961348356282755,49.14243973712952,1.258756943108272,4,1
2026-03-16 05:20:28.160485,CoreBankingApp,Production,202.81770049166008,1087.4875872881285,47.19085351000147,57.027307006205405,0.9349329464734648,2,1
2026-03-16 05:25:28.160485,CoreBankingApp,Production,309.58486627033227,1220.7245841908734,78.26734176246904,61.787404053419586,1.003474167868612,3,1
2026-03-16 05:30:28.160485,CoreBankingApp,Production,237.83411613431517,1074.1747695248393,59.872316813513805,69.30645476893005,1.0673839691052982,0,1
2026-03-16 05:35:28.160485,CoreBankingApp,Production,259.41749823763735,1225.7985298897079,73.13759037043052,79.18638413012295,1.030812716149611,0,1
2026-03-16 05:40:28.160485,CoreBankingApp,Production,250.7701612734938,1104.0953055759605,70.31539705726126,72.0405820671054,1.1275530172347752,0,1
2026-03-16 05:45:28.160485,CoreBankingApp,Production,298.1370022582536,1182.2207938878462,66.39564786258074,75.89066778883281,3.4262015125019385,1,1
2026-03-16 05:50:28.160485,CoreBankingApp,Production,287.8991814238868,1028.80119718006,47.571217106131485,63.25042429093256,2.6272268428328895,0,1
2026-03-16 05:55:28.160485,CoreBankingApp,Production,363.37637528513153,1298.7686436144477,54.418463433939095,64.60467662493012,7.630191676269368,4,1
2026-03-16 06:00:28.160485,CoreBankingApp,Production,494.20693066435473,1091.3982104227184,70.70670310256858,72.30753521040656,9.568883302129894,7,1
2026-03-16 06:05:28.160485,CoreBankingApp,Production,487.5971265795386,1095.44237334992,63.91658424623972,57.976148872710816,6.265486716079463,4,1
2026-03-16 06:10:28.160485,CoreBankingApp,Production,459.6787674707944,1299.8537077200247,61.90335774617953,64.07242555126878,8.011828967958733,4,1
2026-03-16 06:15:28.160485,CoreBankingApp,Production,490.62761107122753,1259.1731726996682,57.857638218462455,56.454661207814105,7.696554319256909,4,1
2026-03-16 06:20:28.160485,CoreBankingApp,Production,509.57726503266576,1461.0533597813308,66.7334447366937,54.696883473906674,6.745564192009903,4,1
2026-03-16 06:25:28.160485,CoreBankingApp,Production,504.6333052688153,1198.4877877425588,61.125822729550265,68.88860636294534,10.139292798965972,6,1
2026-03-16 06:30:28.160485,CoreBankingApp,Production,502.4862046008528,1177.806559668415,57.42763756655314,65.60469503138353,8.618085334181472,4,1
2026-03-16 06:35:28.160485,CoreBankingApp,Production,476.1299996216849,1074.488234132184,50.14689644233684,61.9204061524499,9.146648928117267,6,1
2026-03-16 06:40:28.160485,CoreBankingApp,Production,497.55179952726314,1028.7595197588455,60.506720466219484,72.81084919250661,8.522008156267644,5,1
2026-03-16 06:45:28.160485,CoreBankingApp,Production,470.1260354976884,1260.2061002004832,56.8168846397267,59.934561549549144,8.947538564126695,4,1
2026-03-16 06:50:28.160485,CoreBankingApp,Production,336.40690633054265,1417.938144736468,72.85104402311593,78.4484662636921,2.901643667448424,5,1
2026-03-16 06:55:28.160485,CoreBankingApp,Production,289.95646305269065,1159.6731624314625,53.27397601255901,58.14699916479472,0.5342655511131158,0,0
2026-03-16 07:00:28.160485,CoreBankingApp,Production,251.0087263276277,1238.5611507778415,75.06230698480235,61.10956666987861,1.041040651076932,0,0
2026-03-16 07:05:28.160485,CoreBankingApp,Production,265.2382796334306,1208.7896670197842,36.696092224936194,73.63804276777823,1.3062020025812626,2,0
2026-03-16 07:10:28.160485,CoreBankingApp,Production,262.0255688153451,1294.6014983649777,50.731926154534605,58.29867690952015,1.2638158921812794,2,0
2026-03-16 07:15:28.160485,CoreBankingApp,Production,288.3153577475723,1373.5992678796279,53.32851667029253,66.80874364467917,1.3464202147542663,3,0
2026-03-16 07:20:28.160485,CoreBankingApp,Production,262.69675504640986,1064.6887399192105,66.98970986358466,69.31492169735526,0.988537976380507,0,0
2026-03-16 07:25:28.160485,CoreBankingApp,Production,303.5488823969372,1206.4875274915696,64.06828079823337,80.96969942067943,1.0756361184921728,0,0
2026-03-16 07:30:28.160485,CoreBankingApp,Production,277.31403681654,1248.1141762153857,55.73051128500509,72.94271513129772,1.486759051847011,0,0
2026-03-16 07:35:28.160485,CoreBankingApp,Production,298.53570549969004,1321.7297197716177,52.202911514023484,75.05216606911956,1.1139566821351643,0,0
2026-03-16 07:40:28.160485,CoreBankingApp,Production,236.24938613741182,1204.2124591547913,55.44782432738684,81.0632055898745,2.9174782650353603,1,1
2026-03-16 07:45:28.160485,CoreBankingApp,Production,338.2608017833815,1330.3182242491698,53.64949105778,72.92800920366217,3.119023969131406,0,1
2026-03-16 07:50:28.160485,CoreBankingApp,Production,273.1815596062389,1203.9340725131124,60.74876656074914,58.17105852973609,2.7617256456133266,0,1
2026-03-16 07:55:28.160485,CoreBankingApp,Production,253.26641295311893,1143.597515896076,54.26492891877462,72.8669512565183,2.628253607235605,1,1
2026-03-16 08:00:28.160485,CoreBankingApp,Production,276.2359577790913,1116.079887699229,71.36314490431738,68.90099538352423,3.236577593389939,0,1
2026-03-16 08:05:28.160485,CoreBankingApp,Production,255.5143556428606,1166.937263517536,47.538294277831355,62.11940805966944,2.9288129477381597,3,1
2026-03-16 08:10:28.160485,CoreBankingApp,Production,257.4578116872371,1099.2691244016187,59.42727571465899,74.41357537575236,2.684077544170877,4,1
2026-03-16 08:15:28.160485,CoreBankingApp,Production,320.28189927845995,1175.7160478317721,66.8606470257595,61.039260949272425,2.5197617719430667,1,1
2026-03-16 08:20:28.160485,CoreBankingApp,Production,284.1106830420136,1160.1850590569688,60.7957793530686,69.714846492824,2.7643258451516686,0,1
2026-03-16 08:25:28.160485,CoreBankingApp,Production,282.71412490230307,1120.2770955090948,68.05703501304922,76.44078430142558,2.5278098076845663,1,1
2026-03-16 08:30:28.160485,CoreBankingApp,Production,312.60955206204477,1052.51725578612,62.906652861484176,71.85522668995276,3.789606327176309,1,1
2026-03-16 08:35:28.160485,CoreBankingApp,Production,270.80063207101887,1170.3627250425375,62.17888055002061,75.40750181854148,2.3392356625336057,2,1
2026-03-16 08:40:28.160485,CoreBankingApp,Production,266.25237751198216,1085.247364507923,61.02593800141727,63.37703506650802,0.9499138309381525,1,1
2026-03-16 08:45:28.160485,CoreBankingApp,Production,245.92666356069554,1025.9908356207893,52.57664485719255,67.71444383368436,0.8565396521596758,1,1
2026-03-16 08:50:28.160485,CoreBankingApp,Production,235.8256669526777,1347.8920556211879,48.24936178496519,44.637327639550804,0.8839353162275145,1,1
2026-03-16 08:55:28.160485,CoreBankingApp,Production,498.8371232262971,1342.0270254825214,71.14410264404724,61.43221087353963,3.7492775006497916,7,1
2026-03-16 09:00:28.160485,CoreBankingApp,Production,465.09246745209333,1113.9896058801241,55.25412604505085,68.42778955510184,2.710793935115483,5,1
2026-03-16 09:05:28.160485,CoreBankingApp,Production,482.7458865662459,1096.3049618292284,63.56429963086081,85.89078927210144,3.445359312480183,5,1
2026-03-16 09:10:28.160485,CoreBankingApp,Production,487.7458179375143,1327.7943196764704,60.27831452650684,51.35089804863023,2.7328778373253146,6,1
2026-03-16 09:15:28.160485,CoreBankingApp,Production,509.5981522035199,1372.2129772106787,56.69862880972857,71.6748843665586,3.325486295311757,6,1
2026-03-16 09:20:28.160485,CoreBankingApp,Production,474.43697879484165,1087.9994101630805,72.0078210392533,75.38241375538098,3.8181909253353363,6,1
2026-03-16 09:25:28.160485,CoreBankingApp,Production,448.9830679166389,1251.300904587094,57.03566095426217,61.928970237628164,3.8264756247591594,6,1
2026-03-16 09:30:28.160485,CoreBankingApp,Production,597.9862161336728,1257.321305327928,57.23623449847951,62.95920525552761,2.9186509879560956,7,1
2026-03-16 09:35:28.160485,CoreBankingApp,Production,679.2892698505525,1201.9152798445734,62.41074085828034,70.20477630683344,3.4861003449070074,5,1
2026-03-16 09:40:28.160485,CoreBankingApp,Production,515.4931861999436,1331.2975217184755,50.66619863845849,67.27742055048257,5.080016368333823,6,1
2026-03-16 09:45:28.160485,CoreBankingApp,Production,502.9821190618201,1258.9941898515463,56.194267352236714,69.83607785145321,4.550102041236704,6,1
2026-03-16 09:50:28.160485,CoreBankingApp,Production,480.6158803982682,1236.7798923412108,46.64259143889373,40.25337086858208,3.9918987859702137,6,1
2026-03-16 09:55:28.160485,CoreBankingApp,Production,512.9412156604002,1286.7721244798922,61.934180833216395,73.61979638851652,5.112238190794414,6,1
2026-03-16 10:00:28.160485,CoreBankingApp,Production,270.59885881428124,1131.9214303387762,62.446328116927,83.58304435376229,1.3322519886388837,4,0
2026-03-16 10:05:28.160485,CoreBankingApp,Production,255.51881225391443,1083.5448114465082,55.74971684965021,69.90631275427367,1.1006327830434093,0,0
2026-03-16 10:10:28.160485,CoreBankingApp,Production,421.0378602369931,1265.628169223886,55.815557283405,64.52485448890495,3.496871919732458,4,1
2026-03-16 10:15:28.160485,CoreBankingApp,Production,396.3498087171216,1350.275666664488,62.97947102369788,61.4638691263914,3.392158017800504,5,1
2026-03-16 10:20:28.160485,CoreBankingApp,Production,375.3378693987478,1264.1059159859183,52.373778900068125,63.62451181568263,3.0368268080069916,5,1
2026-03-16 10:25:28.160485,CoreBankingApp,Production,409.20102619246774,1329.1498610629276,54.06176484612076,62.11907246788411,3.985900831993151,5,1
2026-03-16 10:30:28.160485,CoreBankingApp,Production,397.1262543167717,1141.2634523906925,68.56621104276269,69.84007601598184,3.2930464238650914,4,1
2026-03-16 10:35:28.160485,CoreBankingApp,Production,388.9010868737663,1129.9391591258316,63.054020893511115,66.58090576580584,3.3489457578566832,4,1
2026-03-16 10:40:28.160485,CoreBankingApp,Production,360.3032078788215,1175.0359913251484,69.25785137749892,68.40160353681594,3.459447401491822,5,1
2026-03-16 10:45:28.160485,CoreBankingApp,Production,353.5675279870067,1244.501629306943,52.63647115155273,56.481770404074524,3.657377619513822,7,1
2026-03-16 10:50:28.160485,CoreBankingApp,Production,453.5036933428074,1327.9549226614147,65.64555919398447,66.2952265846063,3.3326157194576385,5,1
2026-03-16 10:55:28.160485,CoreBankingApp,Production,384.08129001957485,1123.6906156972168,61.0637785769089,66.72836637901102,2.9249910804346264,6,1
2026-03-16 11:00:28.160485,CoreBankingApp,Production,376.18233035445445,1048.8448955028523,70.72798014976547,50.730610227952134,3.87749307165189,6,1
2026-03-16 11:05:28.160485,CoreBankingApp,Production,376.63647179900664,1330.1375930759018,66.26813460560484,69.11763637741427,3.13623723797453,5,1
2026-03-16 11:10:28.160485,CoreBankingApp,Production,269.98345058806575,1244.9509093713164,53.401556852248284,63.77053751032632,1.3270272036884965,0,0
2026-03-16 11:15:28.160485,CoreBankingApp,Production,310.6199885432429,1040.1501662043418,50.10153399063164,56.33755814202321,1.0752787192433289,0,0
2026-03-16 11:20:28.160485,CoreBankingApp,Production,279.53858659947673,1259.7112026929105,52.21627166408481,60.390538367152416,1.1969837006926074,3,0
2026-03-16 11:25:28.160485,CoreBankingApp,Production,311.1058363312841,1133.6624160362005,66.34065497182219,62.72826405062253,1.2960377355133668,0,0
2026-03-16 11:30:28.160485,CoreBankingApp,Production,312.87174291197334,1165.5617208580243,60.74593244594031,61.91080231306432,0.8839948463892808,2,0
2026-03-16 11:35:28.160485,CoreBankingApp,Production,274.4995811555568,1313.2485316070106,48.41425424624532,58.990532360322106,0.759090717125366,1,0
2026-03-16 11:40:28.160485,CoreBankingApp,Production,253.09522765245816,1166.2815335955454,54.914163521165975,54.34717814272601,0.9921836631713408,4,0
2026-03-16 11:45:28.160485,CoreBankingApp,Production,304.33444901682293,1180.7818208309816,53.61349966925577,73.25033818448935,1.3228279085412094,0,0
2026-03-16 11:50:28.160485,CoreBankingApp,Production,269.24880163034425,1059.8356374683362,56.79634004495451,61.56103121753901,1.2639041944865381,1,0
2026-03-16 11:55:28.160485,CoreBankingApp,Production,254.32990840245782,1243.4221786444527,57.37237084037283,66.40076664267939,1.1588514304352928,0,0
2026-03-16 12:00:28.160485,CoreBankingApp,Production,299.9944341606756,971.7935916525737,58.687561201174674,67.33696518214802,0.8907062978798128,1,0
2026-03-16 12:05:28.160485,CoreBankingApp,Production,295.12406693950294,1256.6576129616035,50.86563358663533,69.81090914772878,1.2073027273091719,0,0
2026-03-16 12:10:28.160485,CoreBankingApp,Production,281.20102248481123,1253.1624215754784,59.62212830202977,75.25735662330965,1.4021413290687883,1,0
2026-03-16 12:15:28.160485,CoreBankingApp,Production,288.6835932602242,1220.9013393990665,75.8417506834436,57.988355726129704,0.8422937015004467,0,0
2026-03-16 12:20:28.160485,CoreBankingApp,Production,314.2154084108022,1260.463862491041,73.88968787475724,64.65175346244703,1.1459887120310985,1,0
2026-03-16 12:25:28.160485,CoreBankingApp,Production,448.6973788573615,1263.6393691600633,65.33757010867771,72.24492211255391,4.343764513858521,2,1
2026-03-16 12:30:28.160485,CoreBankingApp,Production,479.3352476822763,1119.2708923674402,79.24378725725771,67.84618421742617,3.190440693669923,2,1
2026-03-16 12:35:28.160485,CoreBankingApp,Production,285.7226378949774,1301.7829357129194,50.30545002379623,76.95474008045663,2.8908902456677934,5,1
2026-03-16 12:40:28.160485,CoreBankingApp,Production,365.7331074528175,1174.5999092520785,59.495155464210555,72.63943123741488,4.225247379824465,3,1
2026-03-16 12:45:28.160485,CoreBankingApp,Production,410.050236544454,1327.2045677973038,55.966840818767665,67.15873543960284,3.1317832583902234,4,1
2026-03-16 12:50:28.160485,CoreBankingApp,Production,346.9154576177079,1172.8197187054816,53.06252284280951,73.99554024500941,2.79874054410292,2,1
2026-03-16 12:55:28.160485,CoreBankingApp,Production,386.6413002178524,1284.1832140239171,64.81070705071009,62.44403262104813,2.1226445017397966,2,1
2026-03-16 13:00:28.160485,CoreBankingApp,Production,389.36498944069143,1356.8160395317439,60.68335479873473,61.98417082325258,3.639939518853158,2,1
2026-03-16 13:05:28.160485,CoreBankingApp,Production,248.80599258151327,1356.2102529370788,57.90772666617123,80.1712990276947,1.7062355989207945,3,1
2026-03-16 13:10:28.160485,CoreBankingApp,Production,344.97641474152744,1153.5182205335414,76.57699312840971,63.85937386850359,2.1881173836694203,2,1
2026-03-16 13:15:28.160485,CoreBankingApp,Production,286.13805377566894,1274.693212209476,54.25591449381662,63.86487322303321,2.5208279002827934,3,1
2026-03-16 13:20:28.160485,CoreBankingApp,Production,270.472949975008,1272.729019103747,57.69279951040795,62.842241626367944,2.1308900129535684,5,1
2026-03-16 13:25:28.160485,CoreBankingApp,Production,171.67885339548576,1035.6370916270753,36.31052274430799,67.35102969864384,0.9183702011884478,0,1
2026-03-16 13:30:28.160485,CoreBankingApp,Production,269.61496965042335,1032.169869545258,78.29296442759926,56.19342155155716,0.525289411874099,2,1
2026-03-16 13:35:28.160485,CoreBankingApp,Production,209.59984196920868,1203.6959177060805,45.582617622090176,86.59176423837143,1.0669078760554653,1,1
2026-03-16 13:40:28.160485,CoreBankingApp,Production,236.06102508081386,1250.3842891972424,67.58035172350932,54.52391388300191,0.7430861499417136,0,1
2026-03-16 13:45:28.160485,CoreBankingApp,Production,184.74985315664534,1138.303271682654,57.4382279496882,65.41753582612199,0.8169276661245647,4,1
2026-03-16 13:50:28.160485,CoreBankingApp,Production,235.75112160555534,1150.7346599742648,61.736173683822486,65.72693013380375,0.9961716813595998,1,1
2026-03-16 13:55:28.160485,CoreBankingApp,Production,278.76447537686647,1316.1556010539864,63.8116135849041,72.53435234353803,0.9671454827444501,1,1
2026-03-16 14:00:28.160485,CoreBankingApp,Production,237.05306355971004,1288.4419378957643,54.98570652964986,62.61566828803856,0.8401575630635878,0,1
2026-03-16 14:05:28.160485,CoreBankingApp,Production,323.4442740984199,1128.456944173712,63.916008161531344,62.63093836995053,0.9939710566260538,0,0
2026-03-16 14:10:28.160485,CoreBankingApp,Production,263.40851296957163,1217.2900800097955,51.81971347946995,65.73307746413003,1.0510221179379153,0,0
2026-03-16 14:15:28.160485,CoreBankingApp,Production,354.08838125178147,1201.3391651965364,70.78366813752721,56.31945228445593,1.3813299393657092,0,0
2026-03-16 14:20:28.160485,CoreBankingApp,Production,312.4177148520827,1126.2021439549374,34.609911313772116,63.67429403569898,1.0359426179167284,2,0
2026-03-16 14:25:28.160485,CoreBankingApp,Production,265.9634050130861,1130.9879444027338,46.4317356695506,61.461307873665405,1.1117327468484934,1,0
2026-03-16 14:30:28.160485,CoreBankingApp,Production,295.2560221005813,1259.0640135233207,83.0436172757071,71.85128823093604,1.3875147558516225,2,0
2026-03-16 14:35:28.160485,CoreBankingApp,Production,314.57116970173024,1143.6683416725605,69.61953017247392,54.019106117669416,1.193901823356882,0,0
2026-03-16 14:40:28.160485,CoreBankingApp,Production,208.13763233607827,955.4045825941514,50.23714604036617,70.05278681545546,1.2845000449164448,1,0
2026-03-16 14:45:28.160485,CoreBankingApp,Production,255.6417192130699,1186.4987471651414,50.47625064507168,54.28834617511382,0.9403909743486407,0,0
2026-03-16 14:50:28.160485,CoreBankingApp,Production,335.07094967221224,958.8161721484211,52.74944251592677,78.42290769857993,1.203013734170392,0,0
2026-03-16 14:55:28.160485,CoreBankingApp,Production,233.70370454367585,1111.012427846244,64.14026525783629,73.79869744543078,0.9251276269225363,1,1
2026-03-16 15:00:28.160485,CoreBankingApp,Production,265.6937301179402,1251.2043743005142,68.58443531691951,65.0518938961956,0.6077420210454973,2,1
2026-03-16 15:05:28.160485,CoreBankingApp,Production,221.03780629320264,1109.082397820091,50.220107856259126,64.93731291451954,0.803042011686843,1,1
2026-03-16 15:10:28.160485,CoreBankingApp,Production,231.30407014595633,1204.000925903263,76.42378150568764,64.52233854180352,0.6889725012919237,0,1
2026-03-16 15:15:28.160485,CoreBankingApp,Production,182.53849440842916,1284.0760893781608,42.9448136586061,61.749917602238234,0.8321217476452004,2,1
2026-03-16 15:20:28.160485,CoreBankingApp,Production,190.86795825876226,1237.754280092752,55.95500273659339,66.78934968480462,0.7547558331239506,2,1
2026-03-16 15:25:28.160485,CoreBankingApp,Production,226.35622398266128,1184.1037165142507,53.37088548404458,65.91537931872483,0.9102692442826038,0,1
2026-03-16 15:30:28.160485,CoreBankingApp,Production,208.15910169027288,1060.5876860181056,55.58649944747825,70.43860964946532,0.5577934280315692,0,1
2026-03-16 15:35:28.160485,CoreBankingApp,Production,192.97850925616714,1312.0566988910807,50.8154707086143,56.53532725765036,0.6753213344849468,3,1
2026-03-16 15:40:28.160485,CoreBankingApp,Production,227.37686075423,968.5344062033519,56.408584912377144,66.3687527003455,0.6969210831807066,0,1
2026-03-16 15:45:28.160485,CoreBankingApp,Production,191.60474932318888,1336.5635388259561,57.63385823153559,72.52133501909483,0.8786763368222807,3,1
2026-03-16 15:50:28.160485,CoreBankingApp,Production,202.51739688925585,1271.6803446359534,50.910831670207955,60.72471684014559,0.8530576202418213,2,1
2026-03-16 15:55:28.160485,CoreBankingApp,Production,258.2149068758341,1319.3886619387329,51.412590351905166,72.70389789442333,1.1667975986339005,1,0
2026-03-16 16:00:28.160485,CoreBankingApp,Production,255.25773926834265,1146.0251875507831,48.62612968475897,58.84624167264263,0.9595028554447882,3,0
2026-03-16 16:05:28.160485,CoreBankingApp,Production,286.12256647834784,1098.0076246780854,56.81950528560719,61.611287149024754,0.8914988274218526,2,0
2026-03-16 16:10:28.160485,CoreBankingApp,Production,298.38195597991734,1182.884521934314,52.25055207535144,57.72706800106183,1.0749811889247223,0,0
2026-03-16 16:15:28.160485,CoreBankingApp,Production,264.4366728564355,1356.557462761734,42.819284567833265,63.61883072600342,1.0704472261708666,2,0
2026-03-16 16:20:28.160485,CoreBankingApp,Production,297.75676595252907,1183.1340043385333,59.17618718779777,58.601966763712994,3.378113097023297,3,1
2026-03-16 16:25:28.160485,CoreBankingApp,Production,342.4578300730779,1064.2511316286827,57.75895561932593,63.53255760228672,3.285013600758701,2,1
2026-03-16 16:30:28.160485,CoreBankingApp,Production,371.8218070227821,1135.0070331533975,61.129951299448386,67.27528148375521,2.6971629013054974,2,1
2026-03-16 16:35:28.160485,CoreBankingApp,Production,350.7681354086503,1055.8723909867695,50.05365914014237,80.41238560432862,2.504901192243616,3,1
2026-03-16 16:40:28.160485,CoreBankingApp,Production,415.2902388045535,1380.391326374508,66.0512887328148,58.988604236442086,2.997304505607891,3,1
2026-03-16 16:45:28.160485,CoreBankingApp,Production,491.8876719347912,1134.2553849743151,56.26165204142203,63.84577861478209,10.550906569608767,6,1
2026-03-16 16:50:28.160485,CoreBankingApp,Production,468.3336329816202,1226.4040138423181,77.09785112250846,77.16444753995235,6.586284337776119,6,1
2026-03-16 16:55:28.160485,CoreBankingApp,Production,437.353232661198,1150.544044993295,45.31769342615091,63.26717655056822,8.806672155921062,8,1
2026-03-16 17:00:28.160485,CoreBankingApp,Production,470.0685144992834,1037.7675328368482,56.38471784960781,71.32824897363778,9.425247153680326,5,1
2026-03-16 17:05:28.160485,CoreBankingApp,Production,378.61783895737324,1062.4721812527605,62.48377983934153,69.16898724383988,7.496506055834504,6,1
2026-03-16 17:10:28.160485,CoreBankingApp,Production,463.1702203716292,1257.112741438688,68.11133263558557,56.06692314947026,6.995470395174842,6,1
2026-03-16 17:15:28.160485,CoreBankingApp,Production,311.6593585179969,1064.9189412240355,45.2892609497866,67.07295801569717,6.59187664088662,7,1
2026-03-16 17:20:28.160485,CoreBankingApp,Production,466.45487696621433,1163.4586496104855,73.49634478219905,53.232222162756216,4.815801959626179,7,1
2026-03-16 17:25:28.160485,CoreBankingApp,Production,345.82694265656636,1233.7887538941154,57.67180949804773,68.97715297130193,2.67707638399124,4,1
2026-03-16 17:30:28.160485,CoreBankingApp,Production,310.27205046513615,1264.4426043459507,61.59161159602968,47.98433182950077,2.4728156313487735,6,1
2026-03-16 17:35:28.160485,CoreBankingApp,Production,261.5461023507137,1290.2362192237151,71.72600928065113,67.89384699320311,2.4822086676759825,4,1
2026-03-16 17:40:28.160485,CoreBankingApp,Production,303.81811478218395,1113.2978505651197,59.09117834143092,59.217260306622855,2.241112279272762,3,1
2026-03-16 17:45:28.160485,CoreBankingApp,Production,181.92123021724078,1220.2969989842884,52.81322225720386,75.56251267027407,0.8605544283230178,2,1
2026-03-16 17:50:28.160485,CoreBankingApp,Production,224.68309937756436,1353.4397376512484,80.60177102557212,47.18239825873803,0.6406218340100307,1,1
2026-03-16 17:55:28.160485,CoreBankingApp,Production,268.08590642488264,1166.3092925651938,69.54971252352358,69.25497083696231,1.2395238623681177,1,1
2026-03-16 18:00:28.160485,CoreBankingApp,Production,291.4488676206414,1279.9627124476222,74.67891099988427,66.0790989128063,0.9993971895854464,3,1
2026-03-16 18:05:28.160485,CoreBankingApp,Production,330.08504879194004,1164.8786976335025,65.5684425289677,67.91964242687345,1.1807881054825102,0,1
2026-03-16 18:10:28.160485,CoreBankingApp,Production,252.24092806452006,1244.2677757937295,46.82847393623738,53.40045221126233,0.9700992837513973,0,1
2026-03-16 18:15:28.160485,CoreBankingApp,Production,229.632210578254,1381.6621411784897,54.21132328672711,66.4699892226044,1.0216562811695376,1,0
2026-03-16 18:20:28.160485,CoreBankingApp,Production,259.4306926737899,1168.888500071028,66.66221460973821,69.10535757233284,0.8228919009772135,1,0
2026-03-16 18:25:28.160485,CoreBankingApp,Production,254.9260623158861,1147.8369102897261,60.94457882886471,74.14973903252586,1.5494751687956947,1,0
2026-03-16 18:30:28.160485,CoreBankingApp,Production,274.1657773859003,942.8701123355281,55.27402900762946,72.09805151351459,1.0098863066232422,1,0
2026-03-16 18:35:28.160485,CoreBankingApp,Production,228.03505145129813,1103.5429480557486,56.426870653166226,71.13785868840014,1.1031687286729506,1,0
2026-03-16 18:40:28.160485,CoreBankingApp,Production,274.0196594400952,1263.6010403678229,64.73610673731024,65.31743037233953,1.5779122473790153,1,0
2026-03-16 18:45:28.160485,CoreBankingApp,Production,325.49950144385895,1357.0449754638134,76.40504306724429,61.943573169592625,1.3124955054572665,2,0
2026-03-16 18:50:28.160485,CoreBankingApp,Production,320.12451649625575,1229.1271483860974,60.03946264282108,59.06719738149441,0.9582274857358235,0,0
2026-03-16 18:55:28.160485,CoreBankingApp,Production,302.0950000464079,1078.4602449481674,55.256261077191056,67.80889320265483,1.1001698506506246,1,0
2026-03-16 19:00:28.160485,CoreBankingApp,Production,284.8070608452673,1152.1900392673463,47.783937614234986,61.21585719370197,0.9354994660780765,3,0
2026-03-16 19:05:28.160485,CoreBankingApp,Production,289.20127554548134,1008.1455040447004,69.431452725387,58.91173328462965,1.2735477913721267,1,0
2026-03-16 19:10:28.160485,CoreBankingApp,Production,252.35947528821055,1184.6151529032113,48.795517256848,68.27346237720535,1.0493868083269569,4,0
2026-03-16 19:15:28.160485,CoreBankingApp,Production,340.84102394708555,1220.4308841481975,65.43798288848207,61.59526476810052,0.7100197504157255,2,0
2026-03-16 19:20:28.160485,CoreBankingApp,Production,301.03632543655965,1162.4798749257407,71.404449523312,73.27944517928708,1.1418994972021297,0,0
2026-03-16 19:25:28.160485,CoreBankingApp,Production,240.07051557508632,1010.4174232303894,41.51044813353883,61.65548275581062,1.2780052230287235,1,0
2026-03-16 19:30:28.160485,CoreBankingApp,Production,318.1256009891679,1303.4384091317875,52.46296255302973,66.03449406252733,1.4073643374519913,1,0
2026-03-16 19:35:28.160485,CoreBankingApp,Production,275.42651433514277,1208.8457506738807,63.07134739221125,62.9092923481459,1.4434399901267014,1,0
2026-03-16 19:40:28.160485,CoreBankingApp,Production,218.8920863991005,1052.6332848639347,67.19630357332119,65.43111829297915,1.2529705741383164,0,0
2026-03-16 19:45:28.160485,CoreBankingApp,Production,268.1547673696965,1193.125253380486,42.33433523474264,64.91572507580408,1.2000712869255525,1,0
2026-03-16 19:50:28.160485,CoreBankingApp,Production,311.00304280243716,1178.4883114971437,68.69841576812605,75.06010930614677,1.1505765733217899,0,0
2026-03-16 19:55:28.160485,CoreBankingApp,Production,295.7033543747977,1199.3100195166821,36.93260225487704,64.74808117853478,1.2437875498911426,0,0
2026-03-16 20:00:28.160485,CoreBankingApp,Production,263.9547916067695,1066.9352387437502,58.2027753910069,59.35942110283037,1.144585308055846,0,0
2026-03-16 20:05:28.160485,CoreBankingApp,Production,282.9388963168527,1075.460225119807,48.314767617145186,72.0909797426827,1.1851291530188424,1,0
2026-03-16 20:10:28.160485,CoreBankingApp,Production,304.61424562530567,1193.6457319721978,75.64582029071406,66.32553005343172,1.1619354346236859,0,0
2026-03-16 20:15:28.160485,CoreBankingApp,Production,334.9506768556721,1430.2396409024282,64.369649151403,78.28666721408482,1.5261576614969814,2,0
2026-03-16 20:20:28.160485,CoreBankingApp,Production,382.78349912617284,1146.8837509317166,48.07238693548335,78.4588203639438,4.431799279221251,3,1
2026-03-16 20:25:28.160485,CoreBankingApp,Production,412.59680091713034,1235.7831500909024,56.55314831948684,68.40629548440735,3.655313396203417,3,1
2026-03-16 20:30:28.160485,CoreBankingApp,Production,298.61487151706325,1122.7999952615658,59.33118790763859,61.97617838180966,2.839390052195542,3,1
2026-03-16 20:35:28.160485,CoreBankingApp,Production,369.5979502209822,1141.582526110302,62.706351227446596,61.11625168261917,2.871721925046399,5,1
2026-03-16 20:40:28.160485,CoreBankingApp,Production,447.06801889386077,1153.4716263430487,76.70668275246427,60.874800448923146,2.3418192416158607,3,1
2026-03-16 20:45:28.160485,CoreBankingApp,Production,313.0788186511935,1154.3834074609938,52.161717391560664,54.87134215830728,2.813093029742652,5,1
2026-03-16 20:50:28.160485,CoreBankingApp,Production,425.7505259713349,1370.1430750897987,59.641730775422616,74.16927698258351,3.4001958072254816,3,1
2026-03-16 20:55:28.160485,CoreBankingApp,Production,424.40455660782266,1009.2378894058056,55.796287377761345,63.21069473622895,3.4653643363131996,4,1
2026-03-16 21:00:28.160485,CoreBankingApp,Production,498.1351255031801,1164.7584549092096,69.11072618891363,58.90437465108353,2.3781187172563856,4,1
2026-03-16 21:05:28.160485,CoreBankingApp,Production,382.33864380720735,1223.2266383538592,55.454109090536384,69.44955778091385,3.0198583150963034,4,1
2026-03-16 21:10:28.160485,CoreBankingApp,Production,429.2753026182414,1239.5064963034777,74.38466138626191,62.943588335099776,3.5361911359541764,4,1
2026-03-16 21:15:28.160485,CoreBankingApp,Production,391.6548245299498,1234.280839425313,59.77170751999139,59.15387747078481,3.0601327201041495,4,1
2026-03-16 21:20:28.160485,CoreBankingApp,Production,455.51791557114524,1225.2480750081406,48.94346539923849,49.10081625350539,3.111311680355287,5,1
2026-03-16 21:25:28.160485,CoreBankingApp,Production,335.9362561703519,1266.7242635986238,64.31736205510211,66.54202667610053,1.187137637450312,0,0
2026-03-16 21:30:28.160485,CoreBankingApp,Production,230.77298897450245,1131.011469031601,63.29451086397089,70.08137850759833,1.1268939827899427,0,0
2026-03-16 21:35:28.160485,CoreBankingApp,Production,250.2941930957852,1328.2397728319477,54.28131771692867,70.8666345816806,1.1077958367585903,1,0
2026-03-16 21:40:28.160485,CoreBankingApp,Production,289.8611230430191,1158.632694564427,54.23882948729474,58.74053867017691,1.067059066450195,3,0
2026-03-16 21:45:28.160485,CoreBankingApp,Production,304.8375387469124,1226.1921349379213,44.91481693631071,73.18178975659728,0.9958163217624063,2,0
2026-03-16 21:50:28.160485,CoreBankingApp,Production,243.7231189242343,1122.6669523498301,47.5367204690767,59.13332547378678,0.9617464747525369,0,1
2026-03-16 21:55:28.160485,CoreBankingApp,Production,271.17761833282515,1249.7604979813589,74.26826152933533,74.60791072623448,0.9015634994026857,0,1
2026-03-16 22:00:28.160485,CoreBankingApp,Production,248.75964130720956,1057.7946333647767,65.34727373821858,57.68198010308752,1.1223143066208314,0,1
2026-03-16 22:05:28.160485,CoreBankingApp,Production,223.32088105242485,1167.746738840399,39.22843131697297,71.31728810306564,0.905380711990542,4,1
2026-03-16 22:10:28.160485,CoreBankingApp,Production,212.65670794466052,1202.160759903008,55.37466408994225,53.87159570296253,0.9388387997485662,0,1
2026-03-16 22:15:28.160485,CoreBankingApp,Production,221.990683339484,1134.0733581897318,74.9969490795063,51.91014771228797,1.0141100494196238,4,1
2026-03-16 22:20:28.160485,CoreBankingApp,Production,241.24711665251425,1239.0326407803811,58.031956099904775,74.18775030208472,0.9349136041968502,1,1
2026-03-16 22:25:28.160485,CoreBankingApp,Production,238.99304652161825,1199.6761055878378,42.85293118062826,79.8603305879256,0.6887793125990097,1,1
2026-03-16 22:30:28.160485,CoreBankingApp,Production,289.74878479176806,1202.6381081241705,63.79067488045043,47.79681088238448,1.6873558036911922,2,1
2026-03-16 22:35:28.160485,CoreBankingApp,Production,296.7179481305573,1181.3744002775604,56.3295088836138,76.71463648205065,3.26191949551207,2,1
2026-03-16 22:40:28.160485,CoreBankingApp,Production,298.7637964815155,1233.841898278433,51.78619508760043,69.68721203839995,2.9001573447444695,2,1
2026-03-16 22:45:28.160485,CoreBankingApp,Production,253.86676827530297,1298.7714480134339,54.822041467171836,57.22902742366947,1.7212462296904507,3,1
2026-03-16 22:50:28.160485,CoreBankingApp,Production,337.7259163040335,1128.744974076646,61.989105173528785,58.292801945666795,2.305591006923619,3,1
2026-03-16 22:55:28.160485,CoreBankingApp,Production,378.7740119393152,1257.8651773146717,62.823708282581144,65.84688180781907,3.5355793861236546,2,1
2026-03-16 23:00:28.160485,CoreBankingApp,Production,298.12327546750805,1178.799836917817,52.629410671064676,61.320792415171766,2.359731944721118,3,1
2026-03-16 23:05:28.160485,CoreBankingApp,Production,340.65814775150983,1122.2638411567305,52.205406531501986,61.119664091990934,2.974264306226189,3,1
2026-03-16 23:10:28.160485,CoreBankingApp,Production,322.3620682494302,1355.9748390068432,43.2740116574739,57.093209130303116,2.7249438849810272,4,1
2026-03-16 23:15:28.160485,CoreBankingApp,Production,404.28103799632106,1161.9824029710587,71.68301018125389,73.17912124059274,3.603445321817455,3,1
2026-03-16 23:20:28.160485,CoreBankingApp,Production,344.76839736220666,1183.026752048001,59.38891815520778,63.561054994212775,3.1967503094016694,2,1
2026-03-16 23:25:28.160485,CoreBankingApp,Production,393.49336308494907,1239.4596494134325,60.223693417103064,65.70071234733844,3.3573403774865618,3,1
2026-03-16 23:30:28.160485,CoreBankingApp,Production,370.79327659922166,1207.1643264700208,66.6280185088974,72.50407185391867,2.6862722766701888,2,1
2026-03-16 23:35:28.160485,CoreBankingApp,Production,242.90630460981026,1152.1042622137452,56.79343834924543,66.5661668142171,1.334116365484336,2,0
2026-03-16 23:40:28.160485,CoreBankingApp,Production,269.28545043060006,1300.4921120956492,53.53148711188051,61.34523616722009,1.305815001085703,0,0
2026-03-16 23:45:28.160485,CoreBankingApp,Production,283.7844615301973,1135.2079251764,65.2840671524058,62.44983414702433,1.203501588579256,1,0
2026-03-16 23:50:28.160485,CoreBankingApp,Production,223.67931629566192,1109.1251517346977,62.803309997800824,69.10621204501835,1.3805479512899472,0,0
2026-03-16 23:55:28.160485,CoreBankingApp,Production,310.22435104495906,1020.0282322999917,79.69622795996199,68.65057488022823,0.9735431494849535,2,0
2026-03-17 00:00:28.160485,CoreBankingApp,Production,275.1171489912128,1161.938207387123,59.83408560506738,70.50942731116342,1.0176808908837591,2,0
2026-03-17 00:05:28.160485,CoreBankingApp,Production,322.34883316823016,1187.3826077441609,59.75213257036895,61.17712702078213,1.0450160530463943,1,0
2026-03-17 00:10:28.160485,CoreBankingApp,Production,263.87136402186303,1256.3439412876453,61.74018068541274,59.012458337409655,1.076604094866396,0,0
2026-03-17 00:15:28.160485,CoreBankingApp,Production,248.32364945698149,1134.4283925443867,59.669427210358606,71.09970910808633,1.2552419207840577,0,0
2026-03-17 00:20:28.160485,CoreBankingApp,Production,272.9352476059702,1268.8497232602933,31.529903705315498,63.30431527573069,0.9770960221104862,0,0
2026-03-17 00:25:28.160485,CoreBankingApp,Production,281.4339095798498,1100.8818247405807,67.4086842638083,74.45752602074927,1.077598384229476,1,0
2026-03-17 00:30:28.160485,CoreBankingApp,Production,289.08609176287837,1125.2837436797106,74.84800910934595,65.25343751676132,1.1713311940724145,0,0
2026-03-17 00:35:28.160485,CoreBankingApp,Production,275.07161317999487,1249.8955431124962,58.69688437695142,53.5164580795537,1.1465498932551124,1,0
2026-03-17 00:40:28.160485,CoreBankingApp,Production,286.8882775688937,1208.7763642010407,66.8343631196591,78.80412000799586,1.2168103418528102,2,0
2026-03-17 00:45:28.160485,CoreBankingApp,Production,230.49553520907972,1270.8397798454653,59.69829336994603,71.93083248771501,1.064319013114951,2,0
2026-03-17 00:50:28.160485,CoreBankingApp,Production,287.9317304416862,1239.2253615893267,46.83273562335798,64.48402365987606,1.2904074835083463,0,0
2026-03-17 00:55:28.160485,CoreBankingApp,Production,254.34439203929787,1207.5407113679698,70.02708292848055,75.27632337435378,1.2094303894591176,1,0
2026-03-17 01:00:28.160485,CoreBankingApp,Production,245.35386544844607,1177.1178789132002,52.243866953687814,75.93744237653485,1.3163594399672143,2,0
2026-03-17 01:05:28.160485,CoreBankingApp,Production,296.791219123902,1077.3620812755353,66.12985070745096,58.5047493503845,0.9282395482649313,1,0
2026-03-17 01:10:28.160485,CoreBankingApp,Production,285.2837570705446,975.199893501268,84.54759623456934,63.73069867889122,0.9860828279175469,0,0
2026-03-17 01:15:28.160485,CoreBankingApp,Production,320.66452884432704,1132.0247604596757,48.653532165365576,58.07992977904488,1.0311464936287533,1,0
2026-03-17 01:20:28.160485,CoreBankingApp,Production,271.7517255670445,1338.4945136230426,60.40542070754187,62.4072990036238,1.1804594165510256,0,0
2026-03-17 01:25:28.160485,CoreBankingApp,Production,309.4760009617678,1459.3394801959305,64.77159273352584,59.80636114749082,1.1207434888873038,2,0
2026-03-17 01:30:28.160485,CoreBankingApp,Production,306.8096088195355,1216.3647675558811,57.271432747737954,72.08473465710466,0.9991113648002112,1,0
2026-03-17 01:35:28.160485,CoreBankingApp,Production,278.3746490448484,1291.7235731930896,67.40099081926067,49.585223641703344,0.6445298375354992,3,0
2026-03-17 01:40:28.160485,CoreBankingApp,Production,276.23815177975365,1158.8952416268792,56.507879361368,72.63578488797306,1.260910705948827,1,0
2026-03-17 01:45:28.160485,CoreBankingApp,Production,261.0008683926619,1292.8649286606828,75.23049965398002,61.05669869045129,1.5783910174141913,0,0
2026-03-17 01:50:28.160485,CoreBankingApp,Production,304.74433646709633,1270.9625244368076,61.209229983967724,55.14444115985779,1.218449626265425,0,0
2026-03-17 01:55:28.160485,CoreBankingApp,Production,258.6794912850058,1261.4534654284328,52.33128228271305,72.23860708560085,1.0144985172310732,0,0
2026-03-17 02:00:28.160485,CoreBankingApp,Production,289.04271617347007,1152.1314486185381,63.26804031278921,78.70689935816965,1.1783417562082072,1,0
2026-03-17 02:05:28.160485,CoreBankingApp,Production,306.6254344232722,978.2221839171938,94.35211474115053,63.10882824841117,1.4830814572440958,2,0
2026-03-17 02:10:28.160485,CoreBankingApp,Production,284.11762401472447,1246.6388813604467,49.088513862903916,62.84725013780461,0.8056917569076318,2,0
2026-03-17 02:15:28.160485,CoreBankingApp,Production,315.92330231776225,1130.466829495522,53.68754210843638,58.82247848299177,1.4489255009691386,0,0
2026-03-17 02:20:28.160485,CoreBankingApp,Production,296.76078233837393,1264.7336159311826,69.38315105085601,59.89722521748028,1.1657963841742816,2,0
2026-03-17 02:25:28.160485,CoreBankingApp,Production,281.5664311140367,1051.9555716438472,54.075250266222604,83.19545403663062,1.2316527331034808,3,0
2026-03-17 02:30:28.160485,CoreBankingApp,Production,352.41803418675636,1267.0504308456557,51.902732354932695,65.86672742798999,1.590650467291408,1,0
2026-03-17 02:35:28.160485,CoreBankingApp,Production,256.2179570111606,1451.9964229233365,62.95519000185473,82.50554149084067,1.2917220000157994,1,0
2026-03-17 02:40:28.160485,CoreBankingApp,Production,376.75329933225714,1113.4147333227809,69.10166021845419,72.72860353278689,1.1316820708186097,0,0
2026-03-17 02:45:28.160485,CoreBankingApp,Production,367.9033022068021,1283.4782952583266,66.3421660168905,56.954440625255216,1.3362053156852083,1,0
2026-03-17 02:50:28.160485,CoreBankingApp,Production,274.31058946825135,1195.4146852095273,48.50483205569267,68.19910391601537,1.4294889604943664,0,0
2026-03-17 02:55:28.160485,CoreBankingApp,Production,349.65825512562594,1143.5358332618587,61.19492082732669,57.034830891846354,2.6989898277807307,6,1
2026-03-17 03:00:28.160485,CoreBankingApp,Production,325.34164911904924,1077.4552254014664,51.23880585129362,61.583236654325965,3.188084829770745,5,1
2026-03-17 03:05:28.160485,CoreBankingApp,Production,384.20595119383984,1107.4074707769635,69.80552910218445,64.37756063922943,2.893546159975622,5,1
2026-03-17 03:10:28.160485,CoreBankingApp,Production,386.55227407813067,1224.7656540267508,48.39617719874693,68.62846466180356,2.9824883745518718,4,1
2026-03-17 03:15:28.160485,CoreBankingApp,Production,398.4151386552294,1179.3064940760066,58.82034314429754,57.93340421281058,2.886836401075563,4,1
2026-03-17 03:20:28.160485,CoreBankingApp,Production,402.3939755310586,1399.9615184573834,60.52448435391912,61.963901126153694,2.894718476521739,7,1
2026-03-17 03:25:28.160485,CoreBankingApp,Production,313.56566485308684,1190.2837121267992,55.64677667064558,73.16151858478533,3.9759753234343185,4,1
2026-03-17 03:30:28.160485,CoreBankingApp,Production,390.49462501633036,1186.6410760508604,56.181819229568795,50.40186023653997,2.453719275538858,5,1
2026-03-17 03:35:28.160485,CoreBankingApp,Production,373.9312515982139,1318.6148127651495,37.60609391539144,59.41759730260588,2.5259796767122498,6,1
2026-03-17 03:40:28.160485,CoreBankingApp,Production,301.9651594389997,1253.7808696156967,46.39104838579759,74.87321687231506,2.2473616379952355,4,1
2026-03-17 03:45:28.160485,CoreBankingApp,Production,388.2129032980603,1202.1007749242185,60.21050720142074,59.75383871407711,2.619248695213926,5,1
2026-03-17 03:50:28.160485,CoreBankingApp,Production,270.93569548847137,1315.333236151613,49.120248490779716,54.70026540683432,2.174866114888013,5,1
2026-03-17 03:55:28.160485,CoreBankingApp,Production,261.0728131207985,1200.7715804076292,48.23836398512255,69.68787519152156,1.2068012271223338,2,0
2026-03-17 04:00:28.160485,CoreBankingApp,Production,262.50366265223664,1258.8602250555589,56.82240814062584,71.19743316958873,1.0066748223695945,0,0
2026-03-17 04:05:28.160485,CoreBankingApp,Production,264.64668253752063,1225.902027049173,54.12700346846995,65.14892653565876,1.5020064427179833,1,0
2026-03-17 04:10:28.160485,CoreBankingApp,Production,260.3071946874792,1439.5440280028902,58.72542888173299,56.32181405976021,1.2804626817951554,2,0
2026-03-17 04:15:28.160485,CoreBankingApp,Production,257.38342419264865,1201.8056799155067,50.06885888606216,59.136206491083264,1.141487399242751,0,0
2026-03-17 04:20:28.160485,CoreBankingApp,Production,193.46949442177464,1124.0294689370653,46.517931893913975,74.61978707617894,1.0265217606917818,0,0
2026-03-17 04:25:28.160485,CoreBankingApp,Production,312.08346197014737,1298.8556573946205,75.80729671142338,68.74943929253904,1.0210515738536388,0,0
2026-03-17 04:30:28.160485,CoreBankingApp,Production,268.5870551868155,1253.9807059789498,51.5269385620683,75.09783913128256,1.3123908711442147,2,0
2026-03-17 04:35:28.160485,CoreBankingApp,Production,303.48597578611214,1196.6699254725986,60.53764150033315,64.99994693362231,0.8988959864273891,0,0
2026-03-17 04:40:28.160485,CoreBankingApp,Production,268.95781698440396,1273.1317285686146,56.156976554776485,68.98959857600008,1.1761956836197203,1,0
2026-03-17 04:45:28.160485,CoreBankingApp,Production,263.0525926756951,1183.037751921332,53.76310477032625,44.44606369561956,0.7927016844488188,1,0
2026-03-17 04:50:28.160485,CoreBankingApp,Production,311.4017013847254,1230.2886557324641,35.35074942328744,72.31184453543268,3.532021074869159,3,1
2026-03-17 04:55:28.160485,CoreBankingApp,Production,356.2188283429962,1018.1131459430843,59.345699965985595,64.48775756421031,2.8995175255713566,3,1
2026-03-17 05:00:28.160485,CoreBankingApp,Production,377.9316526925569,1514.5009406168508,68.95145329201773,60.935763617100314,2.9933735102085306,3,1
2026-03-17 05:05:28.160485,CoreBankingApp,Production,678.7206774602492,1265.7624536837545,61.275082534451116,53.39339224144049,6.1796205890083895,8,1
2026-03-17 05:10:28.160485,CoreBankingApp,Production,800.001567891724,1244.1634577894429,71.1787163639536,86.2704212880467,9.58905930893951,8,1
2026-03-17 05:15:28.160485,CoreBankingApp,Production,778.6814187493937,1391.3175849685517,72.18189720930728,68.0189574034548,10.925542271172016,8,1
2026-03-17 05:20:28.160485,CoreBankingApp,Production,862.5667496474674,1208.6899339919419,61.229698118774216,75.1428649969721,9.65719080881594,7,1
2026-03-17 05:25:28.160485,CoreBankingApp,Production,473.0123856834318,1272.5728803838608,58.77588239224856,67.525251113861,8.402515733446107,8,1
2026-03-17 05:30:28.160485,CoreBankingApp,Production,632.9149666193316,1139.4080097568929,65.62949807127139,52.7296482507133,8.378846221716884,9,1
2026-03-17 05:35:28.160485,CoreBankingApp,Production,626.0987954280785,1183.5522688993597,60.23699948729411,76.07111238952089,11.057718382928359,9,1
2026-03-17 05:40:28.160485,CoreBankingApp,Production,651.3001267320294,1268.0654986024274,52.676442874960486,79.90951034219799,14.885084972617435,8,1
2026-03-17 05:45:28.160485,CoreBankingApp,Production,745.5334484561845,1338.304624919586,67.11702934441222,74.80306450591391,12.202449469091105,9,1
2026-03-17 05:50:28.160485,CoreBankingApp,Production,578.4855815916877,1064.0632237361597,56.13721056464148,61.86661951197471,2.896267619937923,6,1
2026-03-17 05:55:28.160485,CoreBankingApp,Production,508.91625073185196,1225.5041193661275,54.30969319154173,63.0160564287175,3.882949390247104,7,1
2026-03-17 06:00:28.160485,CoreBankingApp,Production,518.6488541292568,1354.8442031330203,51.56440331139659,76.28617909025475,4.338098804214198,5,1
2026-03-17 06:05:28.160485,CoreBankingApp,Production,337.5733152561062,1166.6394037462037,67.08822023487397,85.67445359563577,1.0998707613845728,1,0
2026-03-17 06:10:28.160485,CoreBankingApp,Production,403.74401519806605,1278.4925706204717,56.10918622383999,54.53966304234036,2.3834417523660076,1,1
2026-03-17 06:15:28.160485,CoreBankingApp,Production,293.44702367173926,1113.086867025364,58.290137861144245,57.81713572124794,3.2445530453481117,1,1
2026-03-17 06:20:28.160485,CoreBankingApp,Production,376.21166661286287,1410.085437467101,64.45979700355164,56.984922910392235,3.586121336589922,0,1
2026-03-17 06:25:28.160485,CoreBankingApp,Production,434.30735849529015,1185.7772995327812,65.27853599222334,74.56832399018158,2.8048069435991545,2,1
2026-03-17 06:30:28.160485,CoreBankingApp,Production,288.43515723211254,1019.6434754748204,58.40492090349895,61.16403112333567,2.467834288991855,1,1
2026-03-17 06:35:28.160485,CoreBankingApp,Production,307.6876033091905,1265.797754694497,54.284810242541184,66.55787785516729,2.9437776831176286,2,1
2026-03-17 06:40:28.160485,CoreBankingApp,Production,517.5901472957929,1216.0151922235004,76.92398671646615,60.326755372389044,2.5415741927434565,1,1
2026-03-17 06:45:28.160485,CoreBankingApp,Production,290.97692747983245,1097.0332312374169,50.86083741667385,56.35563648915912,2.835125611821985,0,1
2026-03-17 06:50:28.160485,CoreBankingApp,Production,325.0060595319133,1359.8570225046838,51.35138517904206,71.1110266333211,3.0725199254994715,2,1
2026-03-17 06:55:28.160485,CoreBankingApp,Production,427.6286939233761,1114.777771399833,68.30247614118309,84.41478503892829,3.105067897242651,0,1
2026-03-17 07:00:28.160485,CoreBankingApp,Production,345.1191857739969,1091.1661214922503,61.15561746132007,66.43443614749847,3.3538098277723307,1,1
2026-03-17 07:05:28.160485,CoreBankingApp,Production,333.71030230367353,1189.1645503884658,64.95555250333935,70.83246922747755,2.8595455872894227,0,1
2026-03-17 07:10:28.160485,CoreBankingApp,Production,350.18273653525097,1221.3922832962828,59.312386854889986,60.327788584717375,1.2124291490290382,1,0
2026-03-17 07:15:28.160485,CoreBankingApp,Production,276.41439783250667,1085.2812542876125,43.34170033476062,74.88477807196342,0.9872213271813133,3,0
2026-03-17 07:20:28.160485,CoreBankingApp,Production,272.7728155902901,1258.2031273400125,60.5280030046954,69.97530021404357,1.346074510464256,2,0
2026-03-17 07:25:28.160485,CoreBankingApp,Production,269.40030170846296,1146.8808929780646,60.46929453694483,52.576132656728994,0.9571179860353484,5,0
2026-03-17 07:30:28.160485,CoreBankingApp,Production,277.91267049792884,1237.5538407291142,72.58625338275523,69.12339500381287,1.5396174703470424,2,0
2026-03-17 07:35:28.160485,CoreBankingApp,Production,487.0279402838347,1339.866515290315,60.30894149662378,68.1858585307357,5.056248619222227,4,1
2026-03-17 07:40:28.160485,CoreBankingApp,Production,430.0461548125974,1251.8828039930886,54.325492133634455,62.4132378403977,3.1451295998071993,3,1
2026-03-17 07:45:28.160485,CoreBankingApp,Production,517.0150532564376,1093.112381452353,61.3499659119134,63.47179954762486,4.443453643352609,3,1
2026-03-17 07:50:28.160485,CoreBankingApp,Production,400.6162597180066,1152.7118848691678,48.829437748127624,56.88504811126578,3.7773694670933113,3,1
2026-03-17 07:55:28.160485,CoreBankingApp,Production,470.3310337558192,1174.511077756504,61.189444010342456,61.427551166846214,4.149158964148617,7,1
2026-03-17 08:00:28.160485,CoreBankingApp,Production,442.1889825764995,1147.196194097222,50.82629478623915,57.983909668341155,6.546936123036097,7,1
2026-03-17 08:05:28.160485,CoreBankingApp,Production,437.97349785216426,1021.7535998963899,69.9220123207653,71.34541440285416,8.083483568619181,6,1
2026-03-17 08:10:28.160485,CoreBankingApp,Production,473.3639766221807,1243.0338849739671,54.60005455736657,72.1017916182268,5.739307027146837,5,1
2026-03-17 08:15:28.160485,CoreBankingApp,Production,454.38203188341083,1309.7660354670627,48.77677019994539,66.7548887456858,8.711837332523334,6,1
2026-03-17 08:20:28.160485,CoreBankingApp,Production,588.6660996059619,1216.6867543785472,54.134687704685604,61.40668000324051,8.526044475990291,5,1
2026-03-17 08:25:28.160485,CoreBankingApp,Production,486.0533240374272,1296.859933869264,69.25277677254095,60.52872631782835,8.162262088331984,5,1
2026-03-17 08:30:28.160485,CoreBankingApp,Production,373.49536370547116,1128.4527422282677,60.226913915708,78.48713897866766,8.00031524602168,5,1
2026-03-17 08:35:28.160485,CoreBankingApp,Production,303.3507337030952,1280.3033343860848,73.27207778119092,58.13884804552531,1.5048681838536375,5,1
2026-03-17 08:40:28.160485,CoreBankingApp,Production,223.24823812648214,1126.439101825205,54.83256815206749,62.21609108925533,2.0660355753116204,3,1
2026-03-17 08:45:28.160485,CoreBankingApp,Production,204.90196445539743,1189.9556646067954,63.47615846650329,62.48074499326589,1.8684199660332925,4,1
2026-03-17 08:50:28.160485,CoreBankingApp,Production,238.01252066536793,1157.84531609675,60.26778439583203,71.19736651945767,1.8803743837225928,4,1
2026-03-17 08:55:28.160485,CoreBankingApp,Production,213.57167264093763,1445.2507460873494,63.76475472968737,71.8454296738377,1.9280374935698072,5,1
2026-03-17 09:00:28.160485,CoreBankingApp,Production,201.4428247140923,994.607750221193,71.10041077816669,70.8442528629731,0.7821350540302952,0,1
2026-03-17 09:05:28.160485,CoreBankingApp,Production,218.98994396841465,1133.6096415442157,68.91597545448802,84.60596429494292,1.1352481672847288,3,1
2026-03-17 09:10:28.160485,CoreBankingApp,Production,229.92257949229284,1292.7844627189297,77.01953016411173,75.47491800452926,0.9578496888673487,1,1
2026-03-17 09:15:28.160485,CoreBankingApp,Production,253.8909513370208,1098.3631134255745,75.98888615989839,53.225674336075734,0.9839081817280007,1,1
2026-03-17 09:20:28.160485,CoreBankingApp,Production,258.1178744891514,1113.6611525458848,62.27804931990464,58.42585036851116,0.9621805681237948,3,1
2026-03-17 09:25:28.160485,CoreBankingApp,Production,235.71578318028673,1261.3948258636983,71.72500144765766,66.85556820941729,0.8044861237668379,0,1
2026-03-17 09:30:28.160485,CoreBankingApp,Production,325.1320945849985,1235.0031420950422,68.55913245532162,80.35091170988647,1.251348831088444,2,0
2026-03-17 09:35:28.160485,CoreBankingApp,Production,282.3063617390356,1183.3512988741566,47.4159662164877,56.675973116051445,1.0329498198226188,0,0
2026-03-17 09:40:28.160485,CoreBankingApp,Production,289.30088200959887,1319.0653376013327,46.26715117566667,67.08061461086703,1.3775076905516817,1,0
2026-03-17 09:45:28.160485,CoreBankingApp,Production,294.2295735814927,1110.45660043096,63.51677270198082,62.37946737090398,1.2218790483451571,1,0
2026-03-17 09:50:28.160485,CoreBankingApp,Production,286.09121191796754,1096.1897876409967,47.57536538962623,63.693086910091004,1.1792217042181257,0,0
2026-03-17 09:55:28.160485,CoreBankingApp,Production,270.8456441332671,1230.2443807984746,43.82626417808335,64.71281450297704,1.002462121860797,0,0
2026-03-17 10:00:28.160485,CoreBankingApp,Production,299.0952923219833,1083.7282598802249,55.16532822059661,61.91592342303748,0.9819111646961708,0,0
2026-03-17 10:05:28.160485,CoreBankingApp,Production,248.18052593789605,1231.7547900787374,44.07723452372531,70.39794518832649,1.2082355569540526,1,0
2026-03-17 10:10:28.160485,CoreBankingApp,Production,285.8552626501937,1187.3239773910745,63.90552508477815,68.99305426844461,1.3470746427527902,2,0
2026-03-17 10:15:28.160485,CoreBankingApp,Production,313.5212245049884,1258.3597504857191,67.375364533774,66.19132724895373,1.119612719189119,1,0
2026-03-17 10:20:28.160485,CoreBankingApp,Production,310.2836504656139,1385.876523652842,68.03571974255446,71.84135844472362,1.3074134157602137,1,0
2026-03-17 10:25:28.160485,CoreBankingApp,Production,365.0445664479594,1125.3973851338146,80.3178008193158,82.4228362830792,1.2910630179151683,3,0
2026-03-17 10:30:28.160485,CoreBankingApp,Production,324.1239527649173,1220.832512243914,71.43507156314624,72.52333526073166,1.6830019695316407,1,0
2026-03-17 10:35:28.160485,CoreBankingApp,Production,350.0684125603066,1130.6417126097774,86.71582268360277,86.1172327479676,1.233648616353117,1,0
2026-03-17 10:40:28.160485,CoreBankingApp,Production,322.8940010300331,1088.3537969661284,63.74963882229337,76.46825288135676,1.370210238756871,2,0
2026-03-17 10:45:28.160485,CoreBankingApp,Production,295.66033655436564,1111.9417963216972,68.41297423778587,67.68447977920742,1.118768149427594,1,0
2026-03-17 10:50:28.160485,CoreBankingApp,Production,261.24678063825706,999.9004331995358,51.08597960903179,64.21058303230066,1.029389083229671,0,0
2026-03-17 10:55:28.160485,CoreBankingApp,Production,344.3875340261767,1208.7873338913594,63.5459328691996,57.03582920769268,1.1870776047163911,3,0
2026-03-17 11:00:28.160485,CoreBankingApp,Production,333.27333147391175,1103.6698588176523,52.48881850862035,69.64847990074834,1.3206074976900881,1,0
2026-03-17 11:05:28.160485,CoreBankingApp,Production,295.9555531440692,1268.0918228685719,55.88828887555945,54.28918920967431,1.055580156757817,1,0
2026-03-17 11:10:28.160485,CoreBankingApp,Production,310.67520125750656,899.2673847056376,55.57492912809903,73.63019339360518,1.1191424930846559,0,0
2026-03-17 11:15:28.160485,CoreBankingApp,Production,246.19791113782676,1209.5433593399082,53.288189140926896,44.93646019714866,1.0884537561206953,3,0
2026-03-17 11:20:28.160485,CoreBankingApp,Production,232.0414482079286,1195.9549687717627,50.58336108515655,51.44621370938892,1.1305274175438174,0,0
2026-03-17 11:25:28.160485,CoreBankingApp,Production,272.6664036867951,1240.7320791421514,46.19888622060694,62.2373997952313,1.0087341235638154,1,0
2026-03-17 11:30:28.160485,CoreBankingApp,Production,321.9894232099068,1174.3188957774566,61.068943152812246,57.5967757946719,0.9801788110253417,0,0
2026-03-17 11:35:28.160485,CoreBankingApp,Production,242.76890029413016,1134.5289938442143,58.37000122965181,77.11145960810488,1.1998304775820234,2,1
2026-03-17 11:40:28.160485,CoreBankingApp,Production,270.0960397037403,1047.6189631412844,55.735997430539264,59.73253846806808,0.7165816676080121,1,1
2026-03-17 11:45:28.160485,CoreBankingApp,Production,216.31098174584304,1345.6530219423664,65.5377177232292,61.959810210189396,0.9802520237804523,1,1
2026-03-17 11:50:28.160485,CoreBankingApp,Production,243.98813192995934,1336.8330390222857,50.245382358216666,59.09953037793147,0.8873350734967969,1,1
2026-03-17 11:55:28.160485,CoreBankingApp,Production,285.7374842983459,1242.5806932856035,68.67219696200695,60.993856382526154,1.2640124490534725,0,1
2026-03-17 12:00:28.160485,CoreBankingApp,Production,239.66433336439218,1091.4562133649845,56.39238304476468,66.19108011364376,1.1563998419474382,2,1
2026-03-17 12:05:28.160485,CoreBankingApp,Production,255.3978807513337,983.5692688276947,72.18537335877843,75.56146829144521,1.34317832833293,2,1
2026-03-17 12:10:28.160485,CoreBankingApp,Production,266.6296362457935,1234.6872858615307,51.67774842572898,56.77978752185823,0.637138787341637,1,1
2026-03-17 12:15:28.160485,CoreBankingApp,Production,225.77485429673786,1330.212430788777,58.505717030878344,66.3554156757059,0.9549287232175662,2,1
2026-03-17 12:20:28.160485,CoreBankingApp,Production,274.2359477470406,1278.8698612431378,51.70460808609714,72.3227826959873,1.216220978480912,1,1
2026-03-17 12:25:28.160485,CoreBankingApp,Production,292.31415203297945,1180.8492010326818,59.60508317582755,62.40894403056993,0.923725777042029,1,1
2026-03-17 12:30:28.160485,CoreBankingApp,Production,270.22006278687303,1182.5627428919793,75.11877461158664,62.24809888042991,0.6989316229017224,1,1
2026-03-17 12:35:28.160485,CoreBankingApp,Production,263.71766153126146,1358.422766356104,48.01923447733516,70.95383531642034,1.6335765220732024,2,0
2026-03-17 12:40:28.160485,CoreBankingApp,Production,260.47429727406995,1146.0160284370095,52.97183763825731,72.82541092868587,1.537498846440155,0,0
2026-03-17 12:45:28.160485,CoreBankingApp,Production,340.0612733130625,1168.6774387469825,65.91500961929574,75.07798434152292,1.4998549108792805,1,0
2026-03-17 12:50:28.160485,CoreBankingApp,Production,253.4483871258782,1213.9550173901616,59.43828176169529,73.07540696303289,1.1348500675089297,1,0
2026-03-17 12:55:28.160485,CoreBankingApp,Production,344.339587541448,1227.7517926154037,77.81300704869423,62.78940664481713,1.1671317983630016,3,0
2026-03-17 13:00:28.160485,CoreBankingApp,Production,200.10692984389857,1276.8010551417246,51.4957282004443,52.779103437307946,0.6460702361893776,0,0
2026-03-17 13:05:28.160485,CoreBankingApp,Production,269.050627873493,1241.6927703222736,69.78510820325945,60.984230532416966,1.4790241171051988,0,0
2026-03-17 13:10:28.160485,CoreBankingApp,Production,316.1013110726243,1261.904999525476,67.00122640108607,71.49768245018785,1.2086794554318376,3,0
2026-03-17 13:15:28.160485,CoreBankingApp,Production,278.75767357415697,1291.9891491516573,70.23986548186039,63.896711651095615,0.9372448490523364,1,0
2026-03-17 13:20:28.160485,CoreBankingApp,Production,316.49259865863127,1240.6204631457515,48.530742264455206,82.74360422342322,1.2270516530440605,1,0
2026-03-17 13:25:28.160485,CoreBankingApp,Production,316.0996964931482,1318.6932481895994,60.714067958196935,55.633679874567015,0.9966989794403835,2,0
2026-03-17 13:30:28.160485,CoreBankingApp,Production,344.45154537191854,1094.3435134978279,71.91801356156392,63.819688049565876,1.1466501698398253,0,0
2026-03-17 13:35:28.160485,CoreBankingApp,Production,314.32274215207485,1087.258456508185,75.28698927151639,65.84253889344403,1.1535053482544184,0,0
2026-03-17 13:40:28.160485,CoreBankingApp,Production,262.0923607073573,1157.6542363820997,51.37448511961888,75.12414849693559,1.4263307676420496,2,0
2026-03-17 13:45:28.160485,CoreBankingApp,Production,309.4341926043109,1052.6062542132208,51.76924220674171,64.61741043053377,0.909828805327495,3,0
2026-03-17 13:50:28.160485,CoreBankingApp,Production,314.39903766230236,1312.0381263038123,67.13323334664126,63.18835620815921,1.2073003512368987,0,0
2026-03-17 13:55:28.160485,CoreBankingApp,Production,296.6266103722157,1165.5982670115295,47.2079074156064,63.19697373896758,1.5264318722587302,2,0
2026-03-17 14:00:28.160485,CoreBankingApp,Production,268.8992909905887,1332.8759977396826,52.25655434774603,63.20381941296394,1.1675194452310316,3,0
2026-03-17 14:05:28.160485,CoreBankingApp,Production,322.0888760932524,1172.858996444508,74.1186603738137,58.86960652429367,0.996026319316589,1,0
2026-03-17 14:10:28.160485,CoreBankingApp,Production,296.07492761673143,1252.1313904429699,63.16706960015067,60.41402928449688,1.1018548422925518,0,0
2026-03-17 14:15:28.160485,CoreBankingApp,Production,488.0453701040922,1055.9807143709722,69.70487969539067,68.52183088741492,3.6995440762471663,4,1
2026-03-17 14:20:28.160485,CoreBankingApp,Production,574.1721833094217,1398.0786938692736,78.81839592745561,48.826395578927816,2.5606398064102827,5,1
2026-03-17 14:25:28.160485,CoreBankingApp,Production,508.05204562996505,1409.0268416936165,47.16464695608377,69.93849318110533,4.3355323488121975,6,1
2026-03-17 14:30:28.160485,CoreBankingApp,Production,426.3267131178447,902.237626510059,56.333035877089905,78.05905043807901,3.535025070141635,3,1
2026-03-17 14:35:28.160485,CoreBankingApp,Production,397.31043504778086,1428.9464632867496,52.2143815466033,67.61341354379188,3.4185478483818894,6,1
2026-03-17 14:40:28.160485,CoreBankingApp,Production,407.4644294223897,1172.5735472375,61.75581439360874,70.05770279933424,3.889037093335775,6,1
2026-03-17 14:45:28.160485,CoreBankingApp,Production,425.1870041117584,1351.1025030308033,62.697793105176785,52.1171765985027,2.5563657131604756,4,1
2026-03-17 14:50:28.160485,CoreBankingApp,Production,499.4484919109012,1068.9693126761667,66.4523152435178,58.2222322635006,3.2347375013767943,4,1
2026-03-17 14:55:28.160485,CoreBankingApp,Production,413.96338431223256,1181.462277340175,65.7613446005523,56.09061682873599,3.1353609130318802,4,1
2026-03-17 15:00:28.160485,CoreBankingApp,Production,486.3417770104381,1091.4311413388011,67.33815605604663,63.996112019273916,2.524152365297004,3,1
2026-03-17 15:05:28.160485,CoreBankingApp,Production,501.09256277967796,1170.0548352275591,60.16312332471996,78.42769411769717,4.555067164450172,3,1
2026-03-17 15:10:28.160485,CoreBankingApp,Production,406.6943412262442,1092.797765819888,42.374112373875874,75.21936386611557,5.401768158370977,3,1
2026-03-17 15:15:28.160485,CoreBankingApp,Production,537.7451134386598,1283.0449637092324,71.49335367930617,84.37084069379142,4.084544923567619,4,1
2026-03-17 15:20:28.160485,CoreBankingApp,Production,310.96222371696575,1203.2397792863685,53.6225961473899,58.102875045969775,1.3554064502672403,1,0
2026-03-17 15:25:28.160485,CoreBankingApp,Production,306.57972240291355,1240.4087934162762,62.519021927048435,52.53471670705747,1.0558554514983425,1,0
2026-03-17 15:30:28.160485,CoreBankingApp,Production,265.72989673858405,1321.6093466423306,59.571191438993814,59.88589248907947,1.0883486785260228,0,0
2026-03-17 15:35:28.160485,CoreBankingApp,Production,319.8382978131647,1084.8188910603008,49.13268955379399,75.82519238988385,2.0038890990602276,3,1
2026-03-17 15:40:28.160485,CoreBankingApp,Production,310.80388621561843,1254.7011172589166,34.36923792421517,73.51271121148785,2.3399026661079962,2,1
2026-03-17 15:45:28.160485,CoreBankingApp,Production,273.509367800812,1476.219891803067,58.101095352526734,62.65919533682911,1.8176935313410156,4,1
2026-03-17 15:50:28.160485,CoreBankingApp,Production,361.38162647253546,938.2980372140105,64.44892418611309,71.4287151060306,2.9983869379498014,4,1
2026-03-17 15:55:28.160485,CoreBankingApp,Production,279.89722388362657,1236.1879153229668,36.3947841323383,62.670048035337594,2.8430846775041063,4,1
2026-03-17 16:00:28.160485,CoreBankingApp,Production,340.11038073916427,1192.867386950133,60.95357743624687,57.581568079800995,1.9551021906892796,5,1
2026-03-17 16:05:28.160485,CoreBankingApp,Production,320.25701566685655,1224.5357669723032,46.65883805986179,63.56059682575433,2.21073011814588,2,1
2026-03-17 16:10:28.160485,CoreBankingApp,Production,381.91979857148453,1309.3926347050497,73.02538046871533,69.15943767107163,3.1055906924555092,3,1
2026-03-17 16:15:28.160485,CoreBankingApp,Production,317.0343310392528,1141.8115197061734,45.555275407344105,58.54664466164328,2.040919509557543,2,1
2026-03-17 16:20:28.160485,CoreBankingApp,Production,359.1989793635542,1139.9362066730325,73.27112393850277,66.04164400737439,3.1736072343269206,2,1
2026-03-17 16:25:28.160485,CoreBankingApp,Production,341.31383382699727,1217.750285020844,58.9712145082079,57.32666840251704,2.0146507710465924,2,1
2026-03-17 16:30:28.160485,CoreBankingApp,Production,336.35240746179807,1141.9653240846508,67.22814832532708,56.524113086780574,2.3436476693620545,3,1
2026-03-17 16:35:28.160485,CoreBankingApp,Production,322.97864340526155,1189.9265974985915,53.40400851020912,62.943425424603156,0.8202840891202486,4,0
2026-03-17 16:40:28.160485,CoreBankingApp,Production,329.3504675127142,1315.203691284818,85.36244221277295,70.0810167939554,1.279555839054326,0,0
2026-03-17 16:45:28.160485,CoreBankingApp,Production,263.94526231146824,1271.0282628219759,56.2197510810123,55.2348797669286,0.7986739928320752,0,0
2026-03-17 16:50:28.160485,CoreBankingApp,Production,347.3577560089873,1231.842469392247,61.55771998661026,73.14620513345893,1.537758558843872,1,0
2026-03-17 16:55:28.160485,CoreBankingApp,Production,219.07094487101003,1377.3614656364377,61.59363162087096,69.55741648335653,1.2658425200920425,1,0
2026-03-17 17:00:28.160485,CoreBankingApp,Production,301.83847682025157,1194.1945891461776,66.63297155907969,78.52498351098609,1.3540697142085292,2,0
2026-03-17 17:05:28.160485,CoreBankingApp,Production,236.0166541827872,1103.608873324773,60.795504497265526,68.80478926583137,0.9807657992443066,0,1
2026-03-17 17:10:28.160485,CoreBankingApp,Production,276.77613394926607,1391.555915613958,73.41249843041442,71.11309541149161,0.83671001138373,0,1
2026-03-17 17:15:28.160485,CoreBankingApp,Production,255.21579909390343,1370.3802953604,57.75116617197134,55.56204458484042,1.2972014742434739,0,1
2026-03-17 17:20:28.160485,CoreBankingApp,Production,252.52761905841407,1094.4407526702016,52.29061429121671,70.05742723070371,0.7155125087749766,2,1
2026-03-17 17:25:28.160485,CoreBankingApp,Production,263.8519479632444,1391.6215607636411,68.72228494440671,65.66958655453038,1.4012408503546685,0,1
2026-03-17 17:30:28.160485,CoreBankingApp,Production,343.3011652828491,1199.3002245062,65.74600049871488,66.83955567090923,2.8106508843860154,6,1
2026-03-17 17:35:28.160485,CoreBankingApp,Production,434.48198108599934,1282.6722607996305,78.15362503671422,58.63950312109756,3.8192125064879088,5,1
2026-03-17 17:40:28.160485,CoreBankingApp,Production,450.1940825615153,1184.3732641786548,56.432080313241386,78.8780729755167,3.2223966174267966,4,1
2026-03-17 17:45:28.160485,CoreBankingApp,Production,447.1457243406781,1061.1385761512865,78.29865706177341,61.49764960134158,2.828573916788332,5,1
2026-03-17 17:50:28.160485,CoreBankingApp,Production,372.714650942742,1196.6438483057464,65.19112884059085,67.05260655704525,2.954519408711283,6,1
2026-03-17 17:55:28.160485,CoreBankingApp,Production,346.5597360155018,1115.506358889017,69.49184765521684,71.82365480245014,3.2121125723327615,4,1
2026-03-17 18:00:28.160485,CoreBankingApp,Production,345.43059854978605,1261.6586201807213,62.050138473239045,58.85305269853332,2.9249049766734276,5,1
2026-03-17 18:05:28.160485,CoreBankingApp,Production,378.7370273317923,1085.149869915463,35.300417652180926,69.21678344562838,3.6705860919579036,6,1
2026-03-17 18:10:28.160485,CoreBankingApp,Production,451.01429737065064,1205.841966610094,45.04523524801541,64.46612849802698,2.902217997799901,4,1
2026-03-17 18:15:28.160485,CoreBankingApp,Production,466.87481862755493,1280.0765235478996,85.773037758914,52.417938237108324,3.5277188548441227,4,1
2026-03-17 18:20:28.160485,CoreBankingApp,Production,487.20153526252085,1142.0573250449445,67.1091230603439,63.092502054631275,3.5746710365214045,5,1
2026-03-17 18:25:28.160485,CoreBankingApp,Production,395.13766145803,1292.13630168223,44.94056364342859,57.83910698290965,3.3803243073850777,6,1
2026-03-17 18:30:28.160485,CoreBankingApp,Production,252.62543042075026,1152.9081591034364,63.05644927267975,58.07636890075176,0.5710269314473985,0,0
2026-03-17 18:35:28.160485,CoreBankingApp,Production,337.1840049221678,1202.907865286948,62.121647062116956,66.94968347595768,1.261807488269365,1,0
2026-03-17 18:40:28.160485,CoreBankingApp,Production,290.755954459413,1245.3642620356386,69.90666928959146,51.89272332550339,1.1903748471797448,1,0
2026-03-17 18:45:28.160485,CoreBankingApp,Production,283.1240899224264,1300.6383693129387,54.13111595260972,64.35993359435116,1.4147798093838133,0,0
2026-03-17 18:50:28.160485,CoreBankingApp,Production,254.87194347288948,1311.6987156864113,55.33307381176982,62.06308099290441,1.1273389333089752,1,0
2026-03-17 18:55:28.160485,CoreBankingApp,Production,330.6074126007954,1300.0230152334732,56.45027126843899,69.18952908277494,1.093024095355609,1,0
2026-03-17 19:00:28.160485,CoreBankingApp,Production,299.2340482694833,1314.1421133370084,81.63199587279091,66.72594507682265,1.2779030855759983,0,0
2026-03-17 19:05:28.160485,CoreBankingApp,Production,342.9725866615743,1441.9422571242585,69.62224218293667,55.54898630903004,0.9929887970535832,4,0
2026-03-17 19:10:28.160485,CoreBankingApp,Production,330.0487045405071,1030.7688641416107,77.81080106668409,68.5176748862083,1.380169333446387,1,0
2026-03-17 19:15:28.160485,CoreBankingApp,Production,286.8647492718169,1320.0274110054581,53.976151674825076,77.1842098964519,1.361691228960026,0,0
2026-03-17 19:20:28.160485,CoreBankingApp,Production,287.3437363601365,1283.153941632262,63.97627883034346,70.94475008909932,1.3279771592342007,1,0
2026-03-17 19:25:28.160485,CoreBankingApp,Production,308.0221637975388,1201.449629223618,59.73347947810777,62.89723003001563,1.0849293295869404,1,0
2026-03-17 19:30:28.160485,CoreBankingApp,Production,245.06369573805125,1320.612514128463,34.25826047227342,57.502402220589055,0.7062973467475853,0,0
2026-03-17 19:35:28.160485,CoreBankingApp,Production,373.67637984633734,1283.1053188385933,63.48126906849262,63.59814790483901,1.0143381328137389,3,0
2026-03-17 19:40:28.160485,CoreBankingApp,Production,356.06171992168555,1136.7620263565263,68.48328801621696,54.15107266658148,1.4386434815026183,0,0
2026-03-17 19:45:28.160485,CoreBankingApp,Production,267.96462056513025,1079.9040357514484,37.87872493114178,77.96850795946763,1.1760652395514137,2,0
2026-03-17 19:50:28.160485,CoreBankingApp,Production,292.2590591063272,1443.199905482174,62.91301935628363,56.24103047246088,1.0738889371753113,0,0
2026-03-17 19:55:28.160485,CoreBankingApp,Production,290.2879809800408,1242.9989480183774,47.347897155768585,70.03155059818081,1.2932624833047865,1,0
2026-03-17 20:00:28.160485,CoreBankingApp,Production,230.98999219151915,1129.739484110079,47.38438995078968,62.84686620141487,1.3790524391161592,3,0
2026-03-17 20:05:28.160485,CoreBankingApp,Production,354.46760927554976,1101.101449863954,59.896595844014506,85.38027029488859,1.2859477340090588,2,0
2026-03-17 20:10:28.160485,CoreBankingApp,Production,270.41385410957355,1202.6449975973596,52.60610363472888,68.49656529818535,1.2829737843071218,1,0
2026-03-17 20:15:28.160485,CoreBankingApp,Production,259.40558815030533,1183.095324491548,60.83862607145407,73.15140923133455,0.9941161281073453,1,0
2026-03-17 20:20:28.160485,CoreBankingApp,Production,278.8346741437714,1218.2927918420905,45.00917603748757,57.04891783589635,1.4432158991168473,0,0
2026-03-17 20:25:28.160485,CoreBankingApp,Production,261.4642586190698,1078.2297676735034,59.39994511595952,61.94099530436232,1.4981745126923185,2,0
2026-03-17 20:30:28.160485,CoreBankingApp,Production,279.39879008132937,1298.9166893134009,62.39717882439344,69.43696182390273,1.4040413564999306,0,0
2026-03-17 20:35:28.160485,CoreBankingApp,Production,304.9120752208682,1099.3655988132414,52.395393541194686,62.05616237285155,0.9115408442796915,0,0
2026-03-17 20:40:28.160485,CoreBankingApp,Production,285.0718877031122,1283.7354164117655,71.82824408449106,62.55470429638681,1.4811684669423633,0,0
2026-03-17 20:45:28.160485,CoreBankingApp,Production,259.55992611351337,1277.812318697322,55.690575966356604,64.55568733181605,1.2924588404995503,2,0
2026-03-17 20:50:28.160485,CoreBankingApp,Production,340.7309657901243,1150.5133863829597,85.02239745937518,64.68325837256936,1.273777311669818,1,0
2026-03-17 20:55:28.160485,CoreBankingApp,Production,230.44515964487022,1111.9725241702079,65.9519321297461,63.202320118623035,1.3429615234510948,2,0
2026-03-17 21:00:28.160485,CoreBankingApp,Production,243.4542313613565,1361.9520047969472,61.45833572286186,71.81818798871632,1.3611850151527873,3,0
2026-03-17 21:05:28.160485,CoreBankingApp,Production,253.56728171222704,1179.5892965848034,65.97137860216279,70.41450780786445,1.4224704164684407,1,0
2026-03-17 21:10:28.160485,CoreBankingApp,Production,347.08826546068786,1142.5169067409972,75.48353665552266,59.14839912944147,1.1231998397531997,1,0
2026-03-17 21:15:28.160485,CoreBankingApp,Production,258.8622144096383,1236.0843198412942,47.44724527286728,61.739993854093,0.9337073741455613,0,0
2026-03-17 21:20:28.160485,CoreBankingApp,Production,467.4853503425278,1271.1761114980484,70.84427457189354,71.13380689062036,4.779945297313486,5,1
2026-03-17 21:25:28.160485,CoreBankingApp,Production,502.6539028392881,1242.5492960588908,64.72300135393984,62.46191999508859,3.6573085434013115,5,1
2026-03-17 21:30:28.160485,CoreBankingApp,Production,557.2374874513009,1197.9634525590038,59.11475476363936,69.06955089264171,3.8898386472135886,3,1
2026-03-17 21:35:28.160485,CoreBankingApp,Production,433.39210566769674,1237.3917342175741,43.737655291233,55.870538997020674,4.282802255163047,3,1
2026-03-17 21:40:28.160485,CoreBankingApp,Production,434.4208939611036,1093.516707229462,61.69153842083707,68.20096460461312,4.529522422513879,4,1
2026-03-17 21:45:28.160485,CoreBankingApp,Production,537.7134489991115,1047.1841245293137,64.9291117747066,71.29518104732077,4.844793390196455,3,1
2026-03-17 21:50:28.160485,CoreBankingApp,Production,466.0986169999936,1191.2750553827495,55.033197006731484,55.450734877562425,3.276598609918598,3,1
2026-03-17 21:55:28.160485,CoreBankingApp,Production,391.0501781130189,1269.1889798122095,56.67396226690369,73.58274266737465,4.081622779779191,5,1
2026-03-17 22:00:28.160485,CoreBankingApp,Production,576.2748311555406,954.7182442198476,57.4484251232635,54.47675962458611,2.885485181890158,4,1
2026-03-17 22:05:28.160485,CoreBankingApp,Production,522.7961056914695,1239.0836372727003,64.19146593647116,71.90125248340667,4.31448729671986,4,1
2026-03-17 22:10:28.160485,CoreBankingApp,Production,509.3170162222991,1317.1510158885558,66.23058432071534,62.56878791112999,3.452471251648478,3,1
2026-03-17 22:15:28.160485,CoreBankingApp,Production,495.7746082545385,1283.582416577541,65.98590716362293,55.25575210619417,4.217553240759409,4,1
2026-03-17 22:20:28.160485,CoreBankingApp,Production,530.1504829848863,1100.030793678013,57.16120928210899,63.96904897904737,2.8090976025536945,5,1
2026-03-17 22:25:28.160485,CoreBankingApp,Production,319.7304808585996,1260.6281105460914,64.74103430657193,67.04156577785449,1.4477010310377212,1,0
2026-03-17 22:30:28.160485,CoreBankingApp,Production,302.8571870385501,1190.1951303034593,67.61267682566537,73.71367993080102,1.4479287337750675,0,0
2026-03-17 22:35:28.160485,CoreBankingApp,Production,319.2847949688406,1263.0577992554477,63.58233548662316,73.41831219558058,1.4189163067722668,0,0
2026-03-17 22:40:28.160485,CoreBankingApp,Production,337.322965490191,1311.5465423478713,51.182530071167626,74.96518217965692,1.0042591643879186,1,0
2026-03-17 22:45:28.160485,CoreBankingApp,Production,286.5415388787968,1264.2696783054532,76.36833383926268,68.76552184823059,1.3178283275258447,0,0
2026-03-17 22:50:28.160485,CoreBankingApp,Production,332.6659743476831,1284.4177078536031,61.27434920824869,70.54585953549547,1.1089178684625998,0,0
2026-03-17 22:55:28.160485,CoreBankingApp,Production,273.43652132195734,1125.8318075788995,68.92047392759166,63.74592150963381,1.4855876768421503,3,0
2026-03-17 23:00:28.160485,CoreBankingApp,Production,319.0949332589162,1157.1848998324783,66.47909168763826,53.060915578947395,1.1429145968378958,1,0
2026-03-17 23:05:28.160485,CoreBankingApp,Production,296.532396266995,1108.5183643232115,64.76571365200289,49.69891486890579,1.0089300961047196,0,0
2026-03-17 23:10:28.160485,CoreBankingApp,Production,310.70432138838873,1239.5942379190603,68.00594628079055,74.97048704370899,1.165953620146209,0,0
2026-03-17 23:15:28.160485,CoreBankingApp,Production,283.3468411752134,1297.3184132486979,52.38587000434576,58.61168943604464,0.9810879289644339,1,0
2026-03-17 23:20:28.160485,CoreBankingApp,Production,307.81679015476635,1105.6228972836439,68.75259932820511,70.56159032582192,1.4536930071726974,1,0
2026-03-17 23:25:28.160485,CoreBankingApp,Production,279.2546686172013,1413.400123398777,69.22796244218756,71.92136274335691,1.0604940985282991,0,0
2026-03-17 23:30:28.160485,CoreBankingApp,Production,255.9678363446878,1052.6028785551416,73.0098077983946,75.15647109633802,1.0407614008393598,1,0
2026-03-17 23:35:28.160485,CoreBankingApp,Production,279.9652811580704,1083.4073828923326,60.67017870647338,75.79281959483562,1.621829979277348,3,0
2026-03-17 23:40:28.160485,CoreBankingApp,Production,294.2408176978242,1210.506420166657,75.66484918118677,75.49138588260374,1.4663939136122903,1,0
2026-03-17 23:45:28.160485,CoreBankingApp,Production,293.0471154612268,1161.2470297445625,60.910347716431865,63.11637835922033,1.3126393943507546,0,0
2026-03-17 23:50:28.160485,CoreBankingApp,Production,214.57028082793528,1274.7739532174387,50.890791768129304,76.74301261575062,0.6548942781350982,2,0
2026-03-17 23:55:28.160485,CoreBankingApp,Production,328.92713446231784,1140.4146189436158,71.8685184760024,51.857556182259394,0.7527667555080034,0,0
2026-03-18 00:00:28.160485,CoreBankingApp,Production,303.5771600662984,1059.0205355130029,55.43757702549446,69.06059659283996,1.3610345742046273,0,0
2026-03-18 00:05:28.160485,CoreBankingApp,Production,315.93757883883904,1100.1221898779627,65.83465114451664,76.46406598242308,1.3302892467096858,1,0
2026-03-18 00:10:28.160485,CoreBankingApp,Production,332.27232153174555,1214.2391228040492,71.37282680909993,75.74139031083484,1.0677776728230628,1,0
2026-03-18 00:15:28.160485,CoreBankingApp,Production,288.5598329769929,1080.9161982941346,63.991508126296395,51.959079221924355,0.8505343313994324,1,0
2026-03-18 00:20:28.160485,CoreBankingApp,Production,254.4431845747267,1116.2251588130248,44.268699694750595,56.7008130652048,0.9771279893517157,1,0
2026-03-18 00:25:28.160485,CoreBankingApp,Production,282.22195985751273,1252.6601004250995,42.758084012197784,78.54682756913691,1.2620825839084076,1,0
2026-03-18 00:30:28.160485,CoreBankingApp,Production,274.9334011338989,1364.2713823994711,69.90979010906413,62.12734997242842,1.1428943733114556,2,0
2026-03-18 00:35:28.160485,CoreBankingApp,Production,254.15436276647358,1295.2849282122997,52.899788966303205,61.49235760105489,1.3925119059379216,0,0
2026-03-18 00:40:28.160485,CoreBankingApp,Production,312.2012932260857,1109.5166705194579,63.60569559773373,48.20773349125906,0.9833156991970154,0,0
2026-03-18 00:45:28.160485,CoreBankingApp,Production,260.7333259417124,1178.1631030303547,42.03120488912558,60.710374353137496,1.2317801070249472,2,0
2026-03-18 00:50:28.160485,CoreBankingApp,Production,247.76423507996373,1217.444011936944,48.92539093383182,62.10924544304256,1.2794239487239953,2,0
2026-03-18 00:55:28.160485,CoreBankingApp,Production,330.6869332113371,1312.553566991622,70.15132966844817,68.6262333496555,1.192898255679708,0,0
2026-03-18 01:00:28.160485,CoreBankingApp,Production,245.01273971385757,1342.6163486407145,48.75993319428753,66.35075375653878,2.4965035546566168,2,1
2026-03-18 01:05:28.160485,CoreBankingApp,Production,274.94804258887115,1024.765560102091,45.958047693651935,69.54321454658349,2.076573673700616,1,1
2026-03-18 01:10:28.160485,CoreBankingApp,Production,247.45392595986831,1244.403748417628,67.83139172887348,72.04784814840097,2.537969354570123,0,1
2026-03-18 01:15:28.160485,CoreBankingApp,Production,285.6637632391186,1209.6681960946307,68.83828707712497,78.00625321540161,2.6110785332763493,0,1
2026-03-18 01:20:28.160485,CoreBankingApp,Production,265.3524226876694,1244.6785319058326,57.98842199991478,71.71126279177255,2.0075726434564327,2,1
2026-03-18 01:25:28.160485,CoreBankingApp,Production,329.9905139345408,1219.504410697291,61.40709481573754,68.72528233926616,6.92843575330529,5,1
2026-03-18 01:30:28.160485,CoreBankingApp,Production,359.6233142653893,1290.1826440127131,53.94073266374599,72.34212421949208,7.482801046013389,4,1
2026-03-18 01:35:28.160485,CoreBankingApp,Production,488.95558527393507,1235.5803679127032,68.00107243865325,87.71320905206085,9.784120773999058,5,1
2026-03-18 01:40:28.160485,CoreBankingApp,Production,397.0730184330002,1118.2074213830301,65.2692271947329,64.91763439482699,5.804285492248666,4,1
2026-03-18 01:45:28.160485,CoreBankingApp,Production,426.29145790447103,1337.321595005905,57.89816909232589,56.525168136344135,6.275689461079065,6,1
2026-03-18 01:50:28.160485,CoreBankingApp,Production,351.86123805056826,1096.691214537306,42.71448860389563,68.33533014118235,6.898981935522314,5,1
2026-03-18 01:55:28.160485,CoreBankingApp,Production,368.602575851456,1177.3592791851206,61.37284261062019,60.1586889412134,6.050835735054143,4,1
2026-03-18 02:00:28.160485,CoreBankingApp,Production,372.51224357892596,1249.6950387607028,54.83655688585791,61.081287996754604,1.7564384468347558,5,1
2026-03-18 02:05:28.160485,CoreBankingApp,Production,374.9008842161406,1279.5181403114966,43.62881261153089,75.97533799096907,3.223408470777065,5,1
2026-03-18 02:10:28.160485,CoreBankingApp,Production,321.5477973795189,1249.8502337860737,49.09591303479622,67.4781325230569,2.687068406680267,5,1
2026-03-18 02:15:28.160485,CoreBankingApp,Production,460.93181555645174,1141.8571191761005,66.8756955874863,67.67679952986408,3.1245611977038976,5,1
2026-03-18 02:20:28.160485,CoreBankingApp,Production,484.4144904929793,1149.9466399332223,87.38372869823115,62.45249034336853,2.8223810064547954,5,1
2026-03-18 02:25:28.160485,CoreBankingApp,Production,309.3210888539637,1203.2507977600728,64.40094288846807,77.01034209368426,1.4492472069270288,1,0
2026-03-18 02:30:28.160485,CoreBankingApp,Production,314.3833841626086,1207.1865590994714,63.67826812918721,57.985447051057456,1.2115011404496219,2,0
2026-03-18 02:35:28.160485,CoreBankingApp,Production,327.8187163932331,1301.2124044456518,47.66935886902744,66.60278783612041,1.126535567961881,0,0
2026-03-18 02:40:28.160485,CoreBankingApp,Production,307.2396159490404,1228.2085099297685,73.65547343347725,63.33271640564034,1.2516112400172736,3,0
2026-03-18 02:45:28.160485,CoreBankingApp,Production,269.71444364382626,1001.2466908067554,48.463336172101975,50.45380704122397,1.1572899050170724,2,0
2026-03-18 02:50:28.160485,CoreBankingApp,Production,258.5451511933047,1259.5772517060448,71.29407140715185,62.70582847462805,0.9064660767128842,0,1
2026-03-18 02:55:28.160485,CoreBankingApp,Production,379.56189329166506,1212.8347912021106,51.27553727840328,52.39672644232617,1.342173995871716,6,1
2026-03-18 03:00:28.160485,CoreBankingApp,Production,434.3180291123595,1428.1741180856077,54.26029837928019,51.977789213679394,3.6344190010439137,4,1
2026-03-18 03:05:28.160485,CoreBankingApp,Production,460.5333500660209,1350.7964770217436,81.78304735119454,69.21917554966613,3.865926143506171,3,1
2026-03-18 03:10:28.160485,CoreBankingApp,Production,492.6646812247521,1041.0776167765334,77.91800769003316,63.490720092795804,3.327664116966557,4,1
2026-03-18 03:15:28.160485,CoreBankingApp,Production,468.8125254220743,1324.8185779589644,56.24923488489332,67.87814664402096,3.7199587583847107,3,1
2026-03-18 03:20:28.160485,CoreBankingApp,Production,390.1842925863706,1296.9539909112166,58.09766148869566,69.15643921314987,3.6849586366676013,3,1
2026-03-18 03:25:28.160485,CoreBankingApp,Production,432.3733388094631,1080.284645463294,73.15053686955024,63.31545565645784,3.3626758891761335,4,1
2026-03-18 03:30:28.160485,CoreBankingApp,Production,483.8775452020435,1308.4937183271713,66.93385570314022,55.89806690312474,3.6078215835650673,3,1
2026-03-18 03:35:28.160485,CoreBankingApp,Production,412.5803521337789,1073.6976943379611,63.98183953122413,71.23706355162989,3.8308699096648176,3,1
2026-03-18 03:40:28.160485,CoreBankingApp,Production,378.4691342318884,1146.828726528977,56.195586859238205,71.94674988005556,3.5552036872923845,3,1
2026-03-18 03:45:28.160485,CoreBankingApp,Production,347.09100815980736,1110.3184895027616,40.66848106194031,59.55337676829063,2.8904494601269706,5,1
2026-03-18 03:50:28.160485,CoreBankingApp,Production,550.6624630729405,1228.518124333277,57.3825371831698,64.24974628322414,4.22932601263632,5,1
2026-03-18 03:55:28.160485,CoreBankingApp,Production,314.01735085533915,1026.6935030904972,57.639137223154556,42.13266243736487,0.9878305727872889,1,0
2026-03-18 04:00:28.160485,CoreBankingApp,Production,183.85861254125965,1145.7317818315232,48.837472190516735,75.60942189898232,1.2497561652111295,1,0
2026-03-18 04:05:28.160485,CoreBankingApp,Production,251.13609537471507,1115.5947774042922,50.4526338137982,52.89114800618242,1.3858696834330697,2,0
2026-03-18 04:10:28.160485,CoreBankingApp,Production,306.12268953582964,1222.281821502757,77.84027267335208,45.865701724403245,0.7933623954320468,3,0
2026-03-18 04:15:28.160485,CoreBankingApp,Production,297.1217336466868,1190.2015189646495,38.51275395666886,47.580594137084375,0.9923280087954233,1,0
2026-03-18 04:20:28.160485,CoreBankingApp,Production,277.25030613834065,1360.8841858041083,53.0709421914309,60.57929970930198,0.9877700661393087,0,0
2026-03-18 04:25:28.160485,CoreBankingApp,Production,298.6278782601717,1426.7964967017624,56.95954207384042,66.65130860502605,1.1828466165881846,1,0
2026-03-18 04:30:28.160485,CoreBankingApp,Production,226.20638987475542,1164.8406316375513,31.892768653917255,64.45088956338593,0.8750421541977009,1,0
2026-03-18 04:35:28.160485,CoreBankingApp,Production,275.322709517794,1244.495095113262,58.87359183964212,71.45128023087624,1.5002310866719486,2,0
2026-03-18 04:40:28.160485,CoreBankingApp,Production,309.74170615647836,1227.0155547325726,65.10401153017955,62.4387721998803,0.7890305690544714,0,0
2026-03-18 04:45:28.160485,CoreBankingApp,Production,336.31893816177865,1320.2421462679936,78.51823207311928,50.919638275938055,0.9463445596078215,2,0
2026-03-18 04:50:28.160485,CoreBankingApp,Production,285.80900173781305,1210.5107309143868,58.57833359593272,72.14211568946834,1.109534293320035,0,0
2026-03-18 04:55:28.160485,CoreBankingApp,Production,293.69855085821837,1145.7341766472175,66.210926364889,68.34113996896383,1.4579483813492295,0,0
2026-03-18 05:00:28.160485,CoreBankingApp,Production,285.6211912578977,1203.6983670888906,49.29966130609241,84.23535724508733,1.4125173690191126,2,0
2026-03-18 05:05:28.160485,CoreBankingApp,Production,262.896696798991,1335.555427322951,61.97980581730468,61.50095391842008,1.155094276527809,2,0
2026-03-18 05:10:28.160485,CoreBankingApp,Production,301.0176579855527,1347.214489750332,58.26797078690766,60.73385067699557,0.8958742665799202,1,0
2026-03-18 05:15:28.160485,CoreBankingApp,Production,285.71152688662426,1141.713897396689,59.996427288128885,57.71250538577559,0.8710990532010586,1,0
2026-03-18 05:20:28.160485,CoreBankingApp,Production,312.4951594233715,1002.4018264377253,57.588982717225804,70.63426606629207,1.2419732577278755,0,0
2026-03-18 05:25:28.160485,CoreBankingApp,Production,287.2265424356198,1212.692709542792,68.02128941575197,62.74593127135006,1.0469644822910573,0,0
2026-03-18 05:30:28.160485,CoreBankingApp,Production,299.016151783498,1184.614337084265,78.96128201784735,73.48028465967234,1.082771819176621,0,0
2026-03-18 05:35:28.160485,CoreBankingApp,Production,307.5191304667398,1283.0371228904048,58.14738752001469,56.83214590003244,1.043873894237985,2,0
2026-03-18 05:40:28.160485,CoreBankingApp,Production,279.576560957713,1373.2855645050824,56.73420675735641,59.6843336794788,1.1988697714423215,0,0
2026-03-18 05:45:28.160485,CoreBankingApp,Production,696.267823495147,1134.0334362389913,76.25616400551138,68.0591000553816,4.920699545627686,5,1
2026-03-18 05:50:28.160485,CoreBankingApp,Production,605.5204322331638,1321.22532982713,57.43797986007579,56.94024207703503,3.4905794076895984,6,1
2026-03-18 05:55:28.160485,CoreBankingApp,Production,411.2188479941877,1229.2099105708155,42.669223479692654,72.38976909651646,4.225829513580994,5,1
2026-03-18 06:00:28.160485,CoreBankingApp,Production,494.3141584008272,1230.909422875456,58.06415820831164,59.27947859348808,3.8097284889975493,6,1
2026-03-18 06:05:28.160485,CoreBankingApp,Production,629.2696148893627,1135.6811581609984,77.61779101492661,60.72974933825415,4.597584234027151,6,1
2026-03-18 06:10:28.160485,CoreBankingApp,Production,542.9459762768047,1107.3559696485722,78.03195874603647,80.03920458426785,5.347541516116267,6,1
2026-03-18 06:15:28.160485,CoreBankingApp,Production,620.0472394917108,1386.1590086380827,73.43768106998604,61.69824739476257,3.7365691375137007,6,1
2026-03-18 06:20:28.160485,CoreBankingApp,Production,519.5369064148986,1175.3319786026277,55.57266845502614,60.1945094620936,2.9317239043516725,5,1
2026-03-18 06:25:28.160485,CoreBankingApp,Production,507.0098277119985,1160.5102301530524,50.791170614337794,62.947524252120964,4.503809567634606,5,1
2026-03-18 06:30:28.160485,CoreBankingApp,Production,536.8872029830277,1366.350957388733,60.53175059027647,44.12718861195404,3.9458979171906794,6,1
2026-03-18 06:35:28.160485,CoreBankingApp,Production,576.7752322151796,1253.5983596903454,79.12583032658821,53.32956933497691,5.853309475642562,6,1
2026-03-18 06:40:28.160485,CoreBankingApp,Production,673.1428002579997,1158.1658120098143,55.34213971616378,52.10859536041593,3.2382539891239306,5,1
2026-03-18 06:45:28.160485,CoreBankingApp,Production,273.665410644637,1219.319479293831,53.29219687660129,73.06192446843794,0.8572698085851085,1,0
2026-03-18 06:50:28.160485,CoreBankingApp,Production,344.0261697539888,1170.1149023069531,60.17954618332651,69.51821069849396,1.3745156851620246,2,0
2026-03-18 06:55:28.160485,CoreBankingApp,Production,313.10696027540075,1154.4449955751525,56.86447173478571,76.98368457150322,1.1532917772925484,2,0
2026-03-18 07:00:28.160485,CoreBankingApp,Production,308.0071669382446,1269.5020073163716,68.97109645223826,54.51490484288057,0.8293736324773351,2,0
2026-03-18 07:05:28.160485,CoreBankingApp,Production,323.258925588514,1163.7232287088793,58.2217810426388,67.67978757752492,1.308613671376805,1,0
2026-03-18 07:10:28.160485,CoreBankingApp,Production,335.8675032457479,1194.5623760628575,71.15171605762045,54.18106367441976,1.0620885119505452,2,0
2026-03-18 07:15:28.160485,CoreBankingApp,Production,278.68455348515795,1333.2415583678371,48.77538156438276,45.99887399810972,0.6557285217250435,0,0
2026-03-18 07:20:28.160485,CoreBankingApp,Production,294.4519965906069,1393.327988268305,75.56677206337964,81.24122568053028,1.3743123760859626,2,0
2026-03-18 07:25:28.160485,CoreBankingApp,Production,337.00045752954884,959.4205278747243,80.88223463684743,71.83902805029186,1.2267658525421519,0,0
2026-03-18 07:30:28.160485,CoreBankingApp,Production,310.06493886529375,1019.8496657592952,62.73404757979881,73.54645327802294,1.5293274132036723,0,0
2026-03-18 07:35:28.160485,CoreBankingApp,Production,237.29243118195376,1212.6315828015536,56.930843172382794,76.05734375353416,1.1826853954983871,1,0
2026-03-18 07:40:28.160485,CoreBankingApp,Production,314.89758319356093,1166.183547708254,76.28248077713303,78.1012049706217,0.9402261082764256,2,0
2026-03-18 07:45:28.160485,CoreBankingApp,Production,328.9191829735251,1197.0061916726804,58.69501242115962,74.03356435249131,0.9784063115055801,1,0
2026-03-18 07:50:28.160485,CoreBankingApp,Production,254.70087344342042,1147.953589186569,63.47592243642655,74.45685295476704,1.1417706209568421,0,0
2026-03-18 07:55:28.160485,CoreBankingApp,Production,326.70458198907346,1402.6067416815415,79.62692377046864,65.59984140125317,1.5179303476547696,1,0
2026-03-18 08:00:28.160485,CoreBankingApp,Production,276.72878306089586,1243.211659536034,71.2894758072169,59.04311675582389,1.0208881599889237,2,0
2026-03-18 08:05:28.160485,CoreBankingApp,Production,295.3623213966207,1193.3907275717836,57.03219240780053,77.31542540491093,1.2515157753158237,4,0
2026-03-18 08:10:28.160485,CoreBankingApp,Production,318.56728619146907,1049.422504979958,59.29032893973243,51.00826594429446,1.2896661415860207,0,0
2026-03-18 08:15:28.160485,CoreBankingApp,Production,311.8327739311929,1044.850754189485,77.6095077353606,54.40927462382773,1.0097455428845623,0,0
2026-03-18 08:20:28.160485,CoreBankingApp,Production,239.79179528690582,1133.8116414805381,37.570839787855874,71.13599931920155,1.3843774678272966,1,0
2026-03-18 08:25:28.160485,CoreBankingApp,Production,274.65030251454846,1351.487931945345,71.0778441172679,62.64196843572223,0.93071693662065,2,0
2026-03-18 08:30:28.160485,CoreBankingApp,Production,288.6805581651581,1293.2527504474695,51.87831431550537,73.30037321193961,1.0765421905882315,1,0
2026-03-18 08:35:28.160485,CoreBankingApp,Production,288.0099219352836,1264.739438881933,64.5854934518706,65.05881183479646,0.7009762308859655,1,0
2026-03-18 08:40:28.160485,CoreBankingApp,Production,286.01657404406,1098.2188407742526,65.53212764576584,59.95712044537536,1.2368779199044586,0,0
2026-03-18 08:45:28.160485,CoreBankingApp,Production,282.9430867354636,1357.289961468957,54.51105809938952,56.224098802690804,0.5613559198065026,1,0
2026-03-18 08:50:28.160485,CoreBankingApp,Production,279.0187150310263,1180.7422753635772,49.35796493722861,67.53854456192057,1.1817940995209701,1,0
2026-03-18 08:55:28.160485,CoreBankingApp,Production,278.47497386878797,1240.5809259608632,43.31427460196028,77.75961532065763,1.6651966184057265,1,0
2026-03-18 09:00:28.160485,CoreBankingApp,Production,272.45567113941615,1387.0888275889183,59.93925418349987,53.46858562078466,1.0838672063640815,1,0
2026-03-18 09:05:28.160485,CoreBankingApp,Production,480.3977975885225,1255.4714970017512,50.462820648181314,75.75931989578089,4.284402436436997,6,1
2026-03-18 09:10:28.160485,CoreBankingApp,Production,388.2255371508646,1147.5270145134807,52.34763572995932,63.61683695758896,4.905813600853784,3,1
2026-03-18 09:15:28.160485,CoreBankingApp,Production,513.155557609373,1152.863997770148,68.9836537815859,71.22786195441468,5.153381164407906,3,1
2026-03-18 09:20:28.160485,CoreBankingApp,Production,415.9908499356151,1092.1469600676605,68.12185959556972,61.39081070707642,2.5937397379135483,6,1
2026-03-18 09:25:28.160485,CoreBankingApp,Production,651.6896371860614,1258.1977541983326,38.727835953681534,61.95291260828651,7.082770887616681,7,1
2026-03-18 09:30:28.160485,CoreBankingApp,Production,605.9076692993841,1134.0973924096768,69.08633518088989,72.64988681421912,12.418279496288454,7,1
2026-03-18 09:35:28.160485,CoreBankingApp,Production,610.4196288200648,1228.2351791770552,52.00367579451052,60.88987415887435,9.721447922176107,8,1
2026-03-18 09:40:28.160485,CoreBankingApp,Production,694.9817131270291,1198.303388173347,68.81249971179503,68.12284715866785,11.188957664986033,6,1
2026-03-18 09:45:28.160485,CoreBankingApp,Production,651.3337027696152,1296.9027628459196,59.33203322524305,61.49714724835225,12.550568194007479,6,1
2026-03-18 09:50:28.160485,CoreBankingApp,Production,634.257126325351,1348.512298377695,68.03381288167981,67.6166021741322,8.840531996711015,6,1
2026-03-18 09:55:28.160485,CoreBankingApp,Production,589.0386305347807,1275.2223492055994,50.924199394108015,62.308903554474085,9.891487970078527,9,1
2026-03-18 10:00:28.160485,CoreBankingApp,Production,640.6935631578859,1311.3360237730128,55.63076702101718,67.19830082339158,7.97718991487797,7,1
2026-03-18 10:05:28.160485,CoreBankingApp,Production,328.4025289290061,1313.3841440098706,37.416300782714025,68.00398524121641,3.8508841520067882,5,1
2026-03-18 10:10:28.160485,CoreBankingApp,Production,460.436040945672,1392.7213657149975,60.3504234490884,68.16323650153348,3.2454834078423036,5,1
2026-03-18 10:15:28.160485,CoreBankingApp,Production,346.73511646002277,1220.5961136776789,50.429662238514055,57.586377018407454,2.520780931636967,5,1
2026-03-18 10:20:28.160485,CoreBankingApp,Production,396.3921769729777,1252.9593646520195,54.002511401406814,63.5397862898279,3.235092705756944,5,1
2026-03-18 10:25:28.160485,CoreBankingApp,Production,376.1298212475109,1215.0988561333995,76.38208319972425,59.936875577286735,2.8554833633943777,3,1
2026-03-18 10:30:28.160485,CoreBankingApp,Production,249.19090233935444,1010.9344134864288,54.102008976664344,69.61451688956453,1.2497128952884733,0,0
2026-03-18 10:35:28.160485,CoreBankingApp,Production,305.77852743631183,1258.802549093226,55.05619089075611,72.9987626976644,1.654233647389629,1,0
2026-03-18 10:40:28.160485,CoreBankingApp,Production,311.30907084528747,1219.3200476843424,65.92661132285453,65.06139968620111,1.3838757305974125,1,0
2026-03-18 10:45:28.160485,CoreBankingApp,Production,274.9482132502141,1177.190695795316,41.15623947895271,68.17212040336457,1.3976776551107235,1,0
2026-03-18 10:50:28.160485,CoreBankingApp,Production,332.54532053653935,1386.3272761462897,66.13515516517327,84.43754056538178,1.3815277109094724,1,0
2026-03-18 10:55:28.160485,CoreBankingApp,Production,328.55528049806026,1217.2809966593204,60.34223748576303,59.031932061329684,0.4998478367508318,0,0
2026-03-18 11:00:28.160485,CoreBankingApp,Production,289.90906363596764,1091.8492288295633,58.60809791889165,66.5213555821298,1.4969085477821844,1,0
2026-03-18 11:05:28.160485,CoreBankingApp,Production,287.32971824739246,1220.18816616636,50.97288342847599,76.6800560509507,1.146215616401295,3,0
2026-03-18 11:10:28.160485,CoreBankingApp,Production,258.67204300721426,1340.548539045077,58.69137721475164,59.24176747510272,1.1273965104313355,0,0
2026-03-18 11:15:28.160485,CoreBankingApp,Production,305.5174168953458,1155.226629900484,54.020310825849265,80.12843713447036,1.1010101740206335,1,0
2026-03-18 11:20:28.160485,CoreBankingApp,Production,278.4859369921653,1303.7380128146344,52.717341261174035,61.11890990814326,1.4241930914430572,1,0
2026-03-18 11:25:28.160485,CoreBankingApp,Production,282.07689552073487,1216.120206162824,64.00607580241712,67.56931798662993,0.8918590620576952,0,0
2026-03-18 11:30:28.160485,CoreBankingApp,Production,330.1714692778516,1333.0535854728294,62.033025018475946,52.253288460071765,1.2091454752105883,1,0
2026-03-18 11:35:28.160485,CoreBankingApp,Production,320.6567845366834,1380.2265685042976,67.03363874537023,69.12030426879201,1.3224841339748528,1,0
2026-03-18 11:40:28.160485,CoreBankingApp,Production,356.1311922984189,1137.7571286001914,75.80405874318767,73.73375027377622,1.3771662593332445,1,0
2026-03-18 11:45:28.160485,CoreBankingApp,Production,332.1286545844349,1298.3438768469146,57.728911641796536,63.15325520504899,1.247690120775669,3,0
2026-03-18 11:50:28.160485,CoreBankingApp,Production,271.33891124939413,963.8058843225269,53.80548085303374,66.95667622277246,1.353323754548025,0,0
2026-03-18 11:55:28.160485,CoreBankingApp,Production,265.8237673626322,1108.6001472241742,59.840847200541575,59.988521486300655,1.3932236944690657,3,0
2026-03-18 12:00:28.160485,CoreBankingApp,Production,407.60150716064743,1366.5059196994243,58.3058730125239,61.794904305421205,3.0520016226217916,4,1
2026-03-18 12:05:28.160485,CoreBankingApp,Production,366.73360484712475,1257.7121704320648,48.110583249508494,76.39931720020225,4.174516465933276,5,1
2026-03-18 12:10:28.160485,CoreBankingApp,Production,468.24398928858176,1206.209385367962,51.58445228854757,66.69583792173503,4.160913016615083,5,1
2026-03-18 12:15:28.160485,CoreBankingApp,Production,316.2481608643383,1301.3968210584403,37.07674949702606,58.00378076362915,3.692139046325598,4,1
2026-03-18 12:20:28.160485,CoreBankingApp,Production,513.6078392723151,1166.5891988320832,66.24552693534392,65.86538924611412,3.7658877250489833,4,1
2026-03-18 12:25:28.160485,CoreBankingApp,Production,457.37447458151536,1314.7057948045885,42.71863899942171,67.12874798944394,3.8295444846014814,5,1
2026-03-18 12:30:28.160485,CoreBankingApp,Production,414.69642655109374,1054.02266825909,47.241736726498374,74.7050570502688,3.09856324065968,4,1
2026-03-18 12:35:28.160485,CoreBankingApp,Production,415.5854548903417,1299.7080071407977,49.793084154944225,62.84995423913862,3.46992473626762,5,1
2026-03-18 12:40:28.160485,CoreBankingApp,Production,512.3495302551698,1365.0693434850084,71.81278918269882,54.25032388030033,4.00841078397338,6,1
2026-03-18 12:45:28.160485,CoreBankingApp,Production,422.493958948028,1240.303071502569,67.89318098987356,63.2986482006491,3.6308535036277907,7,1
2026-03-18 12:50:28.160485,CoreBankingApp,Production,511.9924202973477,1062.6672284822403,60.02555013022154,70.66533336613256,4.474890909320449,5,1
2026-03-18 12:55:28.160485,CoreBankingApp,Production,425.91405941342924,1109.7030918533028,52.77324336917742,60.991787997261405,2.498365227991422,6,1
2026-03-18 13:00:28.160485,CoreBankingApp,Production,274.5738354563328,1155.7510955273258,47.5991072229402,64.37171185575123,0.9214009776168527,1,0
2026-03-18 13:05:28.160485,CoreBankingApp,Production,238.70232115027008,1361.9264995154551,56.574860003402435,69.56582560844402,1.129483021776928,0,0
2026-03-18 13:10:28.160485,CoreBankingApp,Production,287.61184836245326,1254.5949651276485,67.28349918386579,65.96354114066878,1.0292391903395122,1,0
2026-03-18 13:15:28.160485,CoreBankingApp,Production,279.2147969616439,1160.401702326423,73.79373391259877,55.49761918200292,1.1815720639366614,0,0
2026-03-18 13:20:28.160485,CoreBankingApp,Production,348.77208415430005,1363.7147701396293,63.417001794327916,63.651453421958294,1.112903972029433,0,0
2026-03-18 13:25:28.160485,CoreBankingApp,Production,520.0306473000616,1190.2201936489978,70.51981183718411,70.80574639906246,3.8269402978221017,4,1
2026-03-18 13:30:28.160485,CoreBankingApp,Production,531.943443833932,1206.0565215352412,69.35200274282589,55.40905254645916,2.537556853604078,4,1
2026-03-18 13:35:28.160485,CoreBankingApp,Production,503.4758930118696,1123.863503131065,64.51018228568931,61.16981006483924,4.242980199618062,3,1
2026-03-18 13:40:28.160485,CoreBankingApp,Production,632.8927028104007,1228.1975462494258,51.887044636418594,66.1004624688269,13.592010372265197,7,1
2026-03-18 13:45:28.160485,CoreBankingApp,Production,795.2202862937082,1239.5553078686758,54.33302019853811,71.01348065210456,35.54858370747347,6,1
2026-03-18 13:50:28.160485,CoreBankingApp,Production,1033.7296107256466,1225.8073900688055,60.808566563066044,65.62661094438569,34.4802351892558,8,1
2026-03-18 13:55:28.160485,CoreBankingApp,Production,1030.1213810173438,1137.721860084953,52.64914246738738,57.00773872277128,29.282591325879107,8,1
2026-03-18 14:00:28.160485,CoreBankingApp,Production,933.0636590364965,1160.9943751239934,44.77327551476342,52.96769225707281,31.510192514346954,7,1
2026-03-18 14:05:28.160485,CoreBankingApp,Production,786.1452272048026,1160.0525864478393,68.19359176941491,85.28458006813491,37.19853798407602,8,1
2026-03-18 14:10:28.160485,CoreBankingApp,Production,911.7009993591854,1335.0224056363948,55.67550450230047,64.52576757601716,26.5620184367483,7,1
2026-03-18 14:15:28.160485,CoreBankingApp,Production,855.5014206934744,1376.2455456567584,62.29125990023056,65.07693513277593,42.57651151100243,7,1
2026-03-18 14:20:28.160485,CoreBankingApp,Production,974.9533900997931,1095.06047280637,74.2116342190458,59.8407619314946,23.99030416326525,8,1
2026-03-18 14:25:28.160485,CoreBankingApp,Production,550.3586006244598,1206.3823055304506,69.46314003781376,41.8382845193989,5.979809800930898,4,1
2026-03-18 14:30:28.160485,CoreBankingApp,Production,580.6048907506328,1235.1398101443615,68.26421667692904,66.71223115292432,10.945191307401513,4,1
2026-03-18 14:35:28.160485,CoreBankingApp,Production,457.01536985578565,1226.6460844774415,54.25907879619597,71.20782247837104,9.093790671091707,4,1
2026-03-18 14:40:28.160485,CoreBankingApp,Production,427.3169898907323,1115.089973572019,55.25268622797001,61.05202821363672,8.313110420958933,4,1
2026-03-18 14:45:28.160485,CoreBankingApp,Production,341.26833962782314,1195.192625272585,87.13473378316033,61.47715255002948,1.1691016208430844,4,0
2026-03-18 14:50:28.160485,CoreBankingApp,Production,294.44216273519646,1125.6898305882241,57.5543707922065,68.66001164696759,1.147490510552858,1,0
2026-03-18 14:55:28.160485,CoreBankingApp,Production,206.29914814495226,1163.1187273520022,54.88635429987549,62.824415259776345,0.8390377658178214,2,0
2026-03-18 15:00:28.160485,CoreBankingApp,Production,281.3153929675324,1253.8231799423268,65.82494208358487,70.11465198429381,1.0079159025577495,1,0
2026-03-18 15:05:28.160485,CoreBankingApp,Production,286.0980105058039,1149.462955938379,51.4165864299428,49.67898724667211,0.7143257410514985,1,0
2026-03-18 15:10:28.160485,CoreBankingApp,Production,263.3514545170757,1196.8100038071818,48.89604161350108,49.074586082516674,1.013851218079258,0,0
2026-03-18 15:15:28.160485,CoreBankingApp,Production,252.9746289031563,1217.6325412114275,64.30102430217299,55.05872198268018,1.0562943625220225,2,0
2026-03-18 15:20:28.160485,CoreBankingApp,Production,249.7533476168357,1147.054452166636,53.48206374002999,77.19475342125378,1.0280762383158253,0,0
2026-03-18 15:25:28.160485,CoreBankingApp,Production,228.48283587955257,1227.7368982214712,54.556619154537046,69.33656214333399,1.2058550699931465,0,0
2026-03-18 15:30:28.160485,CoreBankingApp,Production,261.39359101017624,1204.416234461155,53.42396168334132,70.24600146235107,1.3299979646201852,0,0
2026-03-18 15:35:28.160485,CoreBankingApp,Production,333.17204741098675,1140.3569513680166,74.13227650488624,73.91841483856717,1.2855818212491623,0,0
2026-03-18 15:40:28.160485,CoreBankingApp,Production,317.275662603417,1192.8207076431777,61.28197251849431,65.72852998647934,1.218325666102925,1,0
2026-03-18 15:45:28.160485,CoreBankingApp,Production,494.4682871378409,1067.6876222581086,58.59987974151314,72.30340144257603,4.41652298703977,5,1
2026-03-18 15:50:28.160485,CoreBankingApp,Production,411.8386752555992,1228.414595464278,53.077585233578944,64.2719043909614,3.8545031993200816,4,1
2026-03-18 15:55:28.160485,CoreBankingApp,Production,381.4020138315835,1207.1622973870606,64.93458949474085,55.82140498334296,4.028481484056163,4,1
2026-03-18 16:00:28.160485,CoreBankingApp,Production,351.0187803925071,1167.9756917396894,28.445051235469684,55.64586473652025,4.842111704257287,5,1
2026-03-18 16:05:28.160485,CoreBankingApp,Production,461.4359120082806,1219.9896732114976,48.15690588861648,47.558436156273494,2.8279020213276946,4,1
2026-03-18 16:10:28.160485,CoreBankingApp,Production,523.7177577779295,1158.8229420199427,56.52227944784235,61.18968503862141,2.595510249930117,3,1
2026-03-18 16:15:28.160485,CoreBankingApp,Production,390.951435380897,1309.1211812862064,46.50029419358039,55.30806645205482,2.3068895292332643,4,1
2026-03-18 16:20:28.160485,CoreBankingApp,Production,484.89489202343157,1249.1906218858621,65.0741174989432,58.4078928443098,2.4476388527190327,4,1
2026-03-18 16:25:28.160485,CoreBankingApp,Production,452.70510140288815,1342.2081261675262,64.27157201680967,71.92372207937238,4.13186635712455,4,1
2026-03-18 16:30:28.160485,CoreBankingApp,Production,450.4843328965032,951.6057518721734,70.22205789777921,71.88942933964877,2.3181937658992036,4,1
2026-03-18 16:35:28.160485,CoreBankingApp,Production,429.39104111026836,1246.4996769120603,54.83468117821121,62.93460393140569,3.411107646951708,5,1
2026-03-18 16:40:28.160485,CoreBankingApp,Production,457.7522445990124,1206.989986878211,59.12537013938691,60.96669602799949,3.5037491337154134,4,1
2026-03-18 16:45:28.160485,CoreBankingApp,Production,405.3495934203073,1182.668158002983,54.70905596844801,66.60241867984404,4.036126602400286,3,1
2026-03-18 16:50:28.160485,CoreBankingApp,Production,204.07224422346255,1116.37129341168,42.234070854591394,48.634910089230345,0.6069926622299048,0,0
2026-03-18 16:55:28.160485,CoreBankingApp,Production,345.674432089058,1219.3043648292787,63.68475888099,75.82967975351565,1.1296828360057054,0,0
2026-03-18 17:00:28.160485,CoreBankingApp,Production,284.5473785399193,1146.8869305954727,53.20968829224838,69.60793863284788,1.1285038794345248,0,0
2026-03-18 17:05:28.160485,CoreBankingApp,Production,308.52129297902695,1173.058607803513,74.58209248784087,70.80399970520287,1.2481499102682547,1,0
2026-03-18 17:10:28.160485,CoreBankingApp,Production,324.1588546370522,1289.4754326223301,67.30632385818137,87.09249748773838,1.401838424798511,1,0
2026-03-18 17:15:28.160485,CoreBankingApp,Production,244.35936236816562,1141.427050051269,56.097861975611295,76.5402842127292,1.2291358231986846,0,0
2026-03-18 17:20:28.160485,CoreBankingApp,Production,252.94493707997435,1166.358910322151,54.14123386434745,58.28899959267449,1.1235493644505983,0,0
2026-03-18 17:25:28.160485,CoreBankingApp,Production,284.2844571435794,1375.6472765223275,69.27713260393286,60.13378296848959,1.0023346567552243,2,0
2026-03-18 17:30:28.160485,CoreBankingApp,Production,321.74802977579327,1358.966639361366,85.89318084293218,53.386170300736154,1.126897676824386,0,0
2026-03-18 17:35:28.160485,CoreBankingApp,Production,327.41698041135976,1287.5714966332741,65.54793281455112,61.379837856354996,1.0838191903017744,1,0
2026-03-18 17:40:28.160485,CoreBankingApp,Production,254.62569317975044,1204.6646238285487,59.12515298294843,86.53895651251239,1.3757755576827972,1,0
2026-03-18 17:45:28.160485,CoreBankingApp,Production,214.1468009167669,1235.4382040906455,32.05167341773382,76.84306185823,1.2168524904068996,0,0
2026-03-18 17:50:28.160485,CoreBankingApp,Production,312.00468471843817,1235.6896344646932,60.68706579590698,75.25932739125999,1.23244685285611,5,0
2026-03-18 17:55:28.160485,CoreBankingApp,Production,326.1723424094358,968.3416108315068,61.0486844642535,66.67379427505564,1.2584344443917332,1,0
2026-03-18 18:00:28.160485,CoreBankingApp,Production,240.61678115928245,1258.2822233478576,56.93713952659717,73.24919444672878,0.9526261325021579,1,1
2026-03-18 18:05:28.160485,CoreBankingApp,Production,214.77961880319958,1239.2536172654404,47.39565603575058,52.88122820734648,0.8287080160834571,1,1
2026-03-18 18:10:28.160485,CoreBankingApp,Production,264.24962061990226,1203.6707621610574,51.270418312978556,76.17887984756328,0.9459114856606334,1,1
2026-03-18 18:15:28.160485,CoreBankingApp,Production,215.10089368980616,1318.896033725901,83.33764898166625,76.22726364141859,1.004719427035115,1,1
2026-03-18 18:20:28.160485,CoreBankingApp,Production,224.8478800348614,1035.5258584800476,74.14944845350831,58.22950627801406,0.7015401360375518,1,1
2026-03-18 18:25:28.160485,CoreBankingApp,Production,332.75860709606104,1235.0136627498364,65.04579681791675,70.73191252979993,3.0825525547255554,3,1
2026-03-18 18:30:28.160485,CoreBankingApp,Production,344.1057317003368,1401.3371756231782,50.220900807724604,72.18396860488785,2.7522626663992558,4,1
2026-03-18 18:35:28.160485,CoreBankingApp,Production,359.7489343667038,1188.669427454673,71.5242596060889,80.96721253006154,3.807879233706919,3,1
2026-03-18 18:40:28.160485,CoreBankingApp,Production,351.73033258252684,1087.4360221935747,58.136552280713545,58.15899889688284,2.7755993186518637,7,1
2026-03-18 18:45:28.160485,CoreBankingApp,Production,468.11402075070487,1417.3797947995258,74.53513832293682,70.07781752996854,2.6985024462885208,3,1
2026-03-18 18:50:28.160485,CoreBankingApp,Production,399.3428373544333,1192.931816272032,61.374163672921334,65.11605802049307,2.6360747561773965,4,1
2026-03-18 18:55:28.160485,CoreBankingApp,Production,372.2614262463975,1139.4867180596427,56.54071598270399,67.71116794072115,3.5930682893814163,5,1
2026-03-18 19:00:28.160485,CoreBankingApp,Production,341.642087824618,1159.2925255279697,41.45501827670478,70.92349970206006,3.1868131751828304,3,1
2026-03-18 19:05:28.160485,CoreBankingApp,Production,524.5428419908425,1179.3561855232667,59.459691949075264,68.42426376263816,3.0630011848768044,5,1
2026-03-18 19:10:28.160485,CoreBankingApp,Production,411.2328773274257,1260.3854297086345,55.367362430335824,71.0013268897703,2.9661201630936467,5,1
2026-03-18 19:15:28.160485,CoreBankingApp,Production,405.45547682908483,1269.7778797648896,50.85130420592979,79.63214770385645,3.536757953729925,3,1
2026-03-18 19:20:28.160485,CoreBankingApp,Production,404.1108908598375,1130.2197228955379,67.86255400035472,56.95505010504381,2.7614391461479824,3,1
2026-03-18 19:25:28.160485,CoreBankingApp,Production,291.60717280837594,1189.532126734454,63.92624660412318,58.671485750307916,1.1997682234711617,0,0
2026-03-18 19:30:28.160485,CoreBankingApp,Production,252.84603166881797,1163.8513254839063,55.111539469182254,70.65215375210778,1.6832764864827772,3,0
2026-03-18 19:35:28.160485,CoreBankingApp,Production,274.55277836672167,1286.260526133014,71.00421784108445,82.73593290758654,1.1300016983433254,1,0
2026-03-18 19:40:28.160485,CoreBankingApp,Production,264.55499475256056,1050.9783638277793,44.10697715293816,56.706826474267245,0.9987011094461624,0,0
2026-03-18 19:45:28.160485,CoreBankingApp,Production,274.1458637074235,1323.6723897350303,57.247189979698206,70.58554018020534,0.9853357397644509,1,0
2026-03-18 19:50:28.160485,CoreBankingApp,Production,272.20847950828136,1245.4528013692084,57.72264222843356,72.10195917543246,0.9616356009767346,2,0
2026-03-18 19:55:28.160485,CoreBankingApp,Production,278.35567886498393,1188.5808927781018,52.1735254628515,57.13579562630359,0.9418766674110591,1,0
2026-03-18 20:00:28.160485,CoreBankingApp,Production,292.0532413169792,1042.922807886924,56.45007706393823,60.397498081824246,1.361906292296808,2,0
2026-03-18 20:05:28.160485,CoreBankingApp,Production,311.5486851107049,1104.962513064907,70.9326547243758,68.83758429715184,1.397679500496145,0,0
2026-03-18 20:10:28.160485,CoreBankingApp,Production,304.57239431166954,1235.1826641648163,65.9369387797724,63.00716944306922,1.0728364635352663,2,0
2026-03-18 20:15:28.160485,CoreBankingApp,Production,344.6461763638084,1282.9735998395765,83.50269881635506,62.28716177087767,1.0418805163104823,0,0
2026-03-18 20:20:28.160485,CoreBankingApp,Production,237.82640335021628,1062.64856866565,64.06054314987513,60.35238783396789,1.2750480449697263,1,0
2026-03-18 20:25:28.160485,CoreBankingApp,Production,286.9075738942298,1172.700134086622,56.715405720106055,64.670153489562,1.1515804268788465,0,0
2026-03-18 20:30:28.160485,CoreBankingApp,Production,275.97297149958416,1120.0373056830933,68.3086267629286,68.58721534205026,1.1302176358707936,0,0
2026-03-18 20:35:28.160485,CoreBankingApp,Production,311.8270703705471,1190.5608083593406,55.750830528287615,56.57524201319379,0.8811952876983808,1,0
2026-03-18 20:40:28.160485,CoreBankingApp,Production,286.7799816396749,1411.5092276197788,69.82019469925027,61.23285389768557,0.9078606541975391,0,0
2026-03-18 20:45:28.160485,CoreBankingApp,Production,224.67203158952174,1219.0770332130205,59.187144786456024,54.49708542022774,1.3872906952246806,0,0
2026-03-18 20:50:28.160485,CoreBankingApp,Production,309.86758954055233,1418.5885911080384,68.76904071369805,70.34693045839701,0.8497966412249842,0,0
2026-03-18 20:55:28.160485,CoreBankingApp,Production,249.35680559122096,1231.1184030736847,67.8190971820662,75.65712076627939,1.3900069613697341,2,0
2026-03-18 21:00:28.160485,CoreBankingApp,Production,308.46400206372766,1273.593310834882,53.393830771272484,62.45425333111808,1.3759499248706266,2,0
2026-03-18 21:05:28.160485,CoreBankingApp,Production,293.78016242284036,1295.2934428896356,61.886264954388295,63.64309818420708,1.1380322349279028,2,0
2026-03-18 21:10:28.160485,CoreBankingApp,Production,306.90261677468584,1346.9228557963343,58.40755054818709,79.12816428353771,1.4371440894954,1,0
2026-03-18 21:15:28.160485,CoreBankingApp,Production,314.336577776563,1259.670724692749,51.44360857730646,70.3177586070306,1.272247531568383,0,0
2026-03-18 21:20:28.160485,CoreBankingApp,Production,240.59648795962818,1200.4069309999581,61.22415685081224,82.54274798971801,1.1233351807661525,1,0
2026-03-18 21:25:28.160485,CoreBankingApp,Production,279.8253662103351,1035.5300398732202,66.37159422469227,57.99391226707305,1.2406077718156827,0,0
2026-03-18 21:30:28.160485,CoreBankingApp,Production,263.77659543288684,1155.4968189389406,54.15950308425394,68.87865261727552,1.240574215952095,1,0
2026-03-18 21:35:28.160485,CoreBankingApp,Production,331.52982377188334,1244.5122831501,75.659156931929,62.107572820947496,1.2785387734934417,0,0
2026-03-18 21:40:28.160485,CoreBankingApp,Production,311.5926160775312,1327.7304324642867,64.67679481755265,62.89537529205985,1.1919941709905804,0,0
2026-03-18 21:45:28.160485,CoreBankingApp,Production,270.69167918540705,1311.233568404989,53.110921241979696,62.81042202420896,1.148714524525086,2,0
2026-03-18 21:50:28.160485,CoreBankingApp,Production,320.662027778593,1365.0283912197901,54.20958384576426,68.11216031176716,1.6447681609283458,2,0
2026-03-18 21:55:28.160485,CoreBankingApp,Production,315.19500649528976,1280.286117683412,54.93691678756807,55.52456155933339,0.9171759269802819,1,0
2026-03-18 22:00:28.160485,CoreBankingApp,Production,280.0538449838991,1244.9488750085286,44.77388672282132,67.51323218889465,1.2841224608010535,2,0
2026-03-18 22:05:28.160485,CoreBankingApp,Production,290.51633900206264,1050.5789313159466,62.06392093512388,71.36449502803981,1.0480584224720433,1,0
2026-03-18 22:10:28.160485,CoreBankingApp,Production,332.3706682653183,1210.7030622845293,62.5609817089916,64.630626212317,1.0610849586292177,1,0
2026-03-18 22:15:28.160485,CoreBankingApp,Production,237.9914370006386,1107.677832865736,53.866405097496575,61.39614220192409,1.1021411301803108,0,0
2026-03-18 22:20:28.160485,CoreBankingApp,Production,231.46684684404974,1253.1501011357414,61.9379282908151,57.73940296754775,1.2278977440369672,0,0
2026-03-18 22:25:28.160485,CoreBankingApp,Production,238.6558588564051,1213.8558512904679,56.730333797546926,67.46955943556073,1.2114590805511818,1,0
2026-03-18 22:30:28.160485,CoreBankingApp,Production,281.00808863548303,1246.880192200118,54.39511052145142,59.21177526350908,1.094629857102055,1,0
2026-03-18 22:35:28.160485,CoreBankingApp,Production,287.4188715074382,1173.9623546757002,63.003379210285985,63.58108321555837,0.8264986241166581,4,0
2026-03-18 22:40:28.160485,CoreBankingApp,Production,294.2090824612403,1146.3348972642495,70.48972301308874,53.46116579062922,0.954910318497308,0,0
2026-03-18 22:45:28.160485,CoreBankingApp,Production,318.7016733059868,1065.6109709237628,70.13279911687003,51.20132847496377,0.9498184749216312,2,0
2026-03-18 22:50:28.160485,CoreBankingApp,Production,293.8732488027904,1288.8629945236567,63.84786399274947,59.1142370666827,1.1356249884085026,0,0
2026-03-18 22:55:28.160485,CoreBankingApp,Production,287.84896852668624,899.1422110625767,59.39442926149742,53.019609697582666,1.1860223428154386,0,0
2026-03-18 23:00:28.160485,CoreBankingApp,Production,337.06101195047927,1209.7511933223313,84.08409390029021,82.98515945393164,1.5895906985195787,0,0
2026-03-18 23:05:28.160485,CoreBankingApp,Production,295.8099820770264,1157.386385211167,65.43339367161818,68.81016939557979,0.9592623627447102,1,0
2026-03-18 23:10:28.160485,CoreBankingApp,Production,270.42880093380234,1307.4609986588978,50.76638430776389,65.23901186817224,1.0277855072027482,0,0
2026-03-18 23:15:28.160485,CoreBankingApp,Production,334.33768660448953,1087.640132621316,52.31178975176051,60.44148946324289,1.1826504437533902,2,0
2026-03-18 23:20:28.160485,CoreBankingApp,Production,350.72990030021606,1281.5608007574394,58.53085146303221,67.12783523747633,1.42320012563397,2,0
2026-03-18 23:25:28.160485,CoreBankingApp,Production,279.26312132679027,1238.9185604105853,49.16460836367253,68.27618499497547,1.4391722233553197,1,0
2026-03-18 23:30:28.160485,CoreBankingApp,Production,322.11009487068344,1442.8343960528655,43.66706303702033,71.35142415100141,0.8895546461189205,0,0
2026-03-18 23:35:28.160485,CoreBankingApp,Production,286.2630978833153,1364.7181000785774,46.01997429024926,74.0831576738215,1.178330017389945,1,0
2026-03-18 23:40:28.160485,CoreBankingApp,Production,244.15289387760347,1134.6999132658252,57.04199077746248,73.49566562986182,0.997615472940814,2,0
2026-03-18 23:45:28.160485,CoreBankingApp,Production,268.15956629185257,1101.346010797646,38.72933165396074,65.24394417722803,1.1137852715550611,3,0
2026-03-18 23:50:28.160485,CoreBankingApp,Production,285.4617726842562,1236.5355940777736,44.7122884031334,53.11244354022335,1.1849914587043668,0,0
2026-03-18 23:55:28.160485,CoreBankingApp,Production,303.62870217282466,1269.988753735978,57.12229957431422,66.12755528708186,1.216370073830681,0,0
2026-03-19 00:00:28.160485,CoreBankingApp,Production,284.0970533736048,1316.5346880002207,52.76892571586258,54.37947703564007,1.2377208211925708,3,0
2026-03-19 00:05:28.160485,CoreBankingApp,Production,255.31894031667545,1288.3356632994644,61.13639929457956,78.9962955553512,1.3705213010201107,0,0
2026-03-19 00:10:28.160485,CoreBankingApp,Production,287.2932047295249,1171.8603256727388,49.2160082434571,60.42973493762353,0.995479167551803,1,0
2026-03-19 00:15:28.160485,CoreBankingApp,Production,229.99179586274505,1265.8259768249973,54.92178042345869,53.91098061006534,0.9089526349559485,0,0
2026-03-19 00:20:28.160485,CoreBankingApp,Production,338.91955381289347,1050.0133011756843,84.69640562771124,52.90278280513168,0.8659621156519656,0,0
2026-03-19 00:25:28.160485,CoreBankingApp,Production,296.64321623394636,1188.191603900781,52.73526587305639,69.38409917202415,1.0844738420107136,2,0
2026-03-19 00:30:28.160485,CoreBankingApp,Production,247.81300235359197,1333.7335111600705,50.47960257712862,57.97244300283215,0.9505882662033218,2,0
2026-03-19 00:35:28.160485,CoreBankingApp,Production,320.9091005005673,1230.2400033789281,55.8865745972721,57.693241927705785,0.8632633501654121,1,0
2026-03-19 00:40:28.160485,CoreBankingApp,Production,274.6008654659811,1205.6875081032981,68.29717862408735,61.84616879690581,1.2308014224278605,0,0
2026-03-19 00:45:28.160485,CoreBankingApp,Production,320.42183403001326,1428.2731643385725,71.72813846166277,62.96094015012168,1.1000266162172117,1,0
2026-03-19 00:50:28.160485,CoreBankingApp,Production,255.9643085291215,1297.529065739642,42.9554752126685,69.00191969642088,1.3764651815039086,1,0
2026-03-19 00:55:28.160485,CoreBankingApp,Production,297.96470641597557,1300.1813152369905,54.16526229047727,50.59309560467831,0.7698214662900695,0,0
2026-03-19 01:00:28.160485,CoreBankingApp,Production,264.5443747087518,1315.0522711101025,60.96975140187819,52.493590810593886,0.718663368661896,2,0
2026-03-19 01:05:28.160485,CoreBankingApp,Production,324.46032538801296,1085.0899684968792,71.41536957458788,56.36800153785571,0.990097132265868,0,0
2026-03-19 01:10:28.160485,CoreBankingApp,Production,308.2435139871992,1132.2930625581605,67.58450442662344,76.35980377325485,1.3538604018277351,0,0
2026-03-19 01:15:28.160485,CoreBankingApp,Production,277.5235741598053,1189.3904772518372,63.282497942553434,82.88683107100793,1.1748563600253272,1,0
2026-03-19 01:20:28.160485,CoreBankingApp,Production,298.82611999943475,1288.5134193411525,44.916778092198335,53.62368935075104,1.1981772952264547,2,0
2026-03-19 01:25:28.160485,CoreBankingApp,Production,311.9161999495496,1158.5983794944211,43.58551070485148,59.973098585565836,2.2985702720270558,1,1
2026-03-19 01:30:28.160485,CoreBankingApp,Production,410.9557702010998,1315.5925004618684,80.80362196711904,66.75651349951792,2.3079895216130875,1,1
2026-03-19 01:35:28.160485,CoreBankingApp,Production,294.75386961578414,1132.04805656726,42.04300510336935,70.98175269448251,2.3812485863301602,1,1
2026-03-19 01:40:28.160485,CoreBankingApp,Production,285.88987626044656,1219.228795857787,51.80709319166893,60.05767508484114,2.4913098771020317,0,1
2026-03-19 01:45:28.160485,CoreBankingApp,Production,326.0720974774231,1154.1488864849855,57.385518792648746,68.37006850377941,3.541462151022515,2,1
2026-03-19 01:50:28.160485,CoreBankingApp,Production,367.553382916812,1289.0787752088638,59.69240606658815,61.22621141264785,2.7266361258578824,2,1
2026-03-19 01:55:28.160485,CoreBankingApp,Production,299.7561593096681,1087.2213762173249,47.532256038076085,60.636832787651706,3.216519109175464,2,1
2026-03-19 02:00:28.160485,CoreBankingApp,Production,373.3992486553559,1172.6508310086606,71.35390133647101,64.0561596139966,2.581600848176347,1,1
2026-03-19 02:05:28.160485,CoreBankingApp,Production,344.5706858643734,1274.5276003216286,65.0856497725198,57.86017373606444,3.0574151440607675,0,1
2026-03-19 02:10:28.160485,CoreBankingApp,Production,254.80190601933305,1234.3054995322739,30.83465872280931,71.71577690852808,2.848292580199974,1,1
2026-03-19 02:15:28.160485,CoreBankingApp,Production,333.9485492901765,1182.315811483685,57.24542993481571,70.82185452500374,3.064205556392625,0,1
2026-03-19 02:20:28.160485,CoreBankingApp,Production,350.6438778332225,1083.204772088117,57.50895421803111,55.72178655267858,3.161625628368321,0,1
2026-03-19 02:25:28.160485,CoreBankingApp,Production,285.0599961491631,1150.4064100911087,51.62525512380205,74.78820268185567,1.0784206607980527,1,0
2026-03-19 02:30:28.160485,CoreBankingApp,Production,319.5047057754076,1257.3418918535895,60.651849180821465,53.56751217100478,1.354897925042561,0,0
2026-03-19 02:35:28.160485,CoreBankingApp,Production,315.3167636327822,1194.2502182763444,61.74980395043688,54.51557228154138,1.2897673282168576,2,0
2026-03-19 02:40:28.160485,CoreBankingApp,Production,354.478153278593,1286.8750474433896,59.425430233690925,62.546736540426124,1.3336003646133894,1,0
2026-03-19 02:45:28.160485,CoreBankingApp,Production,268.0256517305763,1199.9088624257408,51.51914891357684,56.9524659409547,1.1406516896416306,3,0
2026-03-19 02:50:28.160485,CoreBankingApp,Production,252.18622371510514,1080.3792734535948,58.51365895268266,66.4606377061549,1.1199170596489412,0,0
2026-03-19 02:55:28.160485,CoreBankingApp,Production,302.87469318638557,1140.8572091363014,63.07840413621121,73.58484799377322,1.7143290607620496,3,0
2026-03-19 03:00:28.160485,CoreBankingApp,Production,273.25256201931813,1082.6068168841139,58.326209589804286,68.04839041676537,1.2953044196875005,1,0
2026-03-19 03:05:28.160485,CoreBankingApp,Production,304.00540686365935,1024.3232476930364,63.28564396902295,52.77670077350646,0.7621902810467953,2,0
2026-03-19 03:10:28.160485,CoreBankingApp,Production,321.0843462642797,1190.5918458975048,54.77402077054147,74.35576136653222,1.7633544316483576,1,0
2026-03-19 03:15:28.160485,CoreBankingApp,Production,298.4875657127665,1242.9561764558389,70.52038002168436,52.95122764787905,1.0858733936935596,0,0
2026-03-19 03:20:28.160485,CoreBankingApp,Production,253.68869792367698,1271.6177114252582,45.583555891329524,72.48940872737735,1.0341974903589852,0,0
2026-03-19 03:25:28.160485,CoreBankingApp,Production,273.1139396072979,1348.5300479537386,63.209721252176365,55.06623615426964,0.6486419439284496,1,0
2026-03-19 03:30:28.160485,CoreBankingApp,Production,359.15088827379464,1088.5959074043624,53.57836755782042,47.221561473127664,1.760244179376531,3,1
2026-03-19 03:35:28.160485,CoreBankingApp,Production,364.2592886569991,1141.1808548612007,72.73743433235231,76.08691849732675,2.9949956970750446,4,1
2026-03-19 03:40:28.160485,CoreBankingApp,Production,364.53828885143054,1095.4031273314415,50.04160446157849,68.59625254043036,2.382371419877269,3,1
2026-03-19 03:45:28.160485,CoreBankingApp,Production,297.5571137524763,1174.131335864148,43.84380157969815,71.2231141167933,2.903272118245746,4,1
2026-03-19 03:50:28.160485,CoreBankingApp,Production,238.8809561311071,1260.9693267771127,54.69507114821485,81.11681876365259,4.337100924324111,4,1
2026-03-19 03:55:28.160485,CoreBankingApp,Production,318.31565233880457,1075.2893744266203,85.24640754150941,63.54554940328111,3.568629801808776,3,1
2026-03-19 04:00:28.160485,CoreBankingApp,Production,281.81081831956186,1295.6950014125996,61.5490829016919,60.98921661596636,4.3577385037721434,4,1
2026-03-19 04:05:28.160485,CoreBankingApp,Production,273.00778060389564,1235.9627012954447,66.47422935617614,60.64990193419031,4.420071743777599,6,1
2026-03-19 04:10:28.160485,CoreBankingApp,Production,224.16008459420388,1210.272833911049,62.13040726304339,72.15835508420642,3.341052121970275,4,1
2026-03-19 04:15:28.160485,CoreBankingApp,Production,283.5939138183859,1325.42422986241,81.50891153968823,74.3480952052474,4.615726032742211,3,1
2026-03-19 04:20:28.160485,CoreBankingApp,Production,297.45320998805767,1300.7208860438614,62.88559840646525,55.696662907426905,3.316417951691182,4,1
2026-03-19 04:25:28.160485,CoreBankingApp,Production,255.63748336146153,1184.4773821841054,61.38335577682852,57.162066366499,3.9837830232445492,3,1
2026-03-19 04:30:28.160485,CoreBankingApp,Production,182.2450272278813,1321.8817333378474,60.78707682127103,58.22979368460914,1.5597166031191034,0,1
2026-03-19 04:35:28.160485,CoreBankingApp,Production,199.1280399117096,1156.9695348811956,65.19441250023098,71.72696916487592,1.4045066415423604,1,1
2026-03-19 04:40:28.160485,CoreBankingApp,Production,184.81058406175885,1146.5994983468472,62.96089679325201,67.3544907058569,1.8251541411276628,1,1
2026-03-19 04:45:28.160485,CoreBankingApp,Production,185.5345807466563,1250.7620984169553,45.36225597074463,77.10952520571908,2.23417725561664,1,1
2026-03-19 04:50:28.160485,CoreBankingApp,Production,288.3128541714285,1153.2260781999018,73.16662221060855,67.4314393358896,2.3795278945590277,2,1
2026-03-19 04:55:28.160485,CoreBankingApp,Production,281.8262172428213,1109.0860989536473,53.26911873333886,76.61804437098596,1.2305605393199157,1,1
2026-03-19 05:00:28.160485,CoreBankingApp,Production,251.45239642767197,1168.5231956568896,53.490815418242505,59.870900311138634,0.5815371274315859,1,1
2026-03-19 05:05:28.160485,CoreBankingApp,Production,262.2049914908115,1262.6914414399182,71.03624049062824,64.18380642888734,1.008696387139877,1,1
2026-03-19 05:10:28.160485,CoreBankingApp,Production,306.86690542106624,1008.3494703244176,69.29659741923541,59.4724510243986,0.7215412536842719,2,1
2026-03-19 05:15:28.160485,CoreBankingApp,Production,313.9845937714265,1189.472716446814,69.45536479716809,58.90588194010988,0.6724158931801487,1,1
2026-03-19 05:20:28.160485,CoreBankingApp,Production,293.46601415792327,1240.2877899714797,77.71838996203657,64.13875237298456,1.0877558676004662,1,1
2026-03-19 05:25:28.160485,CoreBankingApp,Production,303.02582314319807,1150.1656339416156,52.76203838491924,45.93949392403393,0.6509102323095085,1,1
2026-03-19 05:30:28.160485,CoreBankingApp,Production,279.1481285213403,1320.1788731802228,68.09407639161769,64.3477420404965,1.0206795012807117,1,1
2026-03-19 05:35:28.160485,CoreBankingApp,Production,232.10453040247106,1147.6282106838883,61.89264515389028,52.73505666897248,0.9828430000427033,1,1
2026-03-19 05:40:28.160485,CoreBankingApp,Production,288.54581147994804,1180.1528576165103,76.30682877538634,54.97215229444339,0.7862684102339669,1,1
2026-03-19 05:45:28.160485,CoreBankingApp,Production,227.86772982853546,1007.8590560473131,47.305056440943304,62.72994657788046,1.0599052167999377,4,1
2026-03-19 05:50:28.160485,CoreBankingApp,Production,316.5092613674759,1277.7673247521739,66.42723465970388,61.74832218199762,1.271128997537411,1,0
2026-03-19 05:55:28.160485,CoreBankingApp,Production,282.22602750499937,1296.8977009580317,66.80748212384404,71.15906758157342,1.2053292232442832,0,0
2026-03-19 06:00:28.160485,CoreBankingApp,Production,212.85348109469578,1223.8454587519107,47.303551356532665,70.2825772463725,1.1647289897980215,0,0
2026-03-19 06:05:28.160485,CoreBankingApp,Production,272.1489324591129,1363.5466592260236,32.800210897875296,61.26329114938714,1.0849769156690878,3,0
2026-03-19 06:10:28.160485,CoreBankingApp,Production,278.1672607738136,1140.8785675083082,70.74487826906648,63.09800279352655,1.0308344941564975,2,0
2026-03-19 06:15:28.160485,CoreBankingApp,Production,385.27726393047186,1132.0413124893041,54.76091949932895,62.43257925065034,2.2412330577916744,2,1
2026-03-19 06:20:28.160485,CoreBankingApp,Production,378.7120042370769,1341.171859325132,63.03846069293943,68.5550367593665,3.203005457358054,4,1
2026-03-19 06:25:28.160485,CoreBankingApp,Production,335.3086200835671,1135.1886647277108,51.660451775367804,79.45222177311331,2.5536691061569914,4,1
2026-03-19 06:30:28.160485,CoreBankingApp,Production,370.3376729468787,1188.0182407207703,71.16968311015475,59.74268877418199,3.685448185691975,2,1
2026-03-19 06:35:28.160485,CoreBankingApp,Production,393.49039077257805,1215.6008277686237,54.20529778745562,64.42633659561626,2.747317016731819,3,1
2026-03-19 06:40:28.160485,CoreBankingApp,Production,308.814273430049,1283.919762252686,66.20235891557901,57.57412681408859,2.5933603697593823,3,1
2026-03-19 06:45:28.160485,CoreBankingApp,Production,379.53303593543296,1162.0951514805038,62.55410467957181,76.7208630261359,3.003505391630931,2,1
2026-03-19 06:50:28.160485,CoreBankingApp,Production,387.52423585046125,1178.318209671183,58.93912433596056,75.36465988159512,3.2129158296274474,2,1
2026-03-19 06:55:28.160485,CoreBankingApp,Production,359.02323417951743,1195.1620800524363,67.2108377735056,71.22061204264946,3.9106360297578235,3,1
2026-03-19 07:00:28.160485,CoreBankingApp,Production,485.5870209676482,1258.2292062215786,38.519439010188435,57.51676216677917,10.716184820726722,7,1
2026-03-19 07:05:28.160485,CoreBankingApp,Production,668.6325824447173,1246.9465170318506,72.80803505833906,56.57460080588495,23.230592424864447,9,1
2026-03-19 07:10:28.160485,CoreBankingApp,Production,717.2003963664813,1171.2234720826098,53.509126445447905,62.027390512960984,14.322791985832046,10,1
2026-03-19 07:15:28.160485,CoreBankingApp,Production,501.99483399226585,1357.4998355028013,37.62209674652064,68.27351354807371,9.748961110884645,8,1
2026-03-19 07:20:28.160485,CoreBankingApp,Production,516.8139219760458,1178.4548395297606,62.35658147714351,78.55659662345799,8.947259538758725,9,1
2026-03-19 07:25:28.160485,CoreBankingApp,Production,477.5192709750525,1399.6115476572554,52.19608751975221,60.66840301911086,7.65790078307263,10,1
2026-03-19 07:30:28.160485,CoreBankingApp,Production,530.2480619810203,1017.7617223758908,68.74446898857276,64.21852911968992,8.26922067557623,7,1
2026-03-19 07:35:28.160485,CoreBankingApp,Production,464.8109453065912,1089.5239667866588,63.30196832910783,62.29895032378149,7.650270323310072,8,1
2026-03-19 07:40:28.160485,CoreBankingApp,Production,604.4128297909784,1224.1013997959378,60.35592920099372,61.338560203344386,5.592805735324472,9,1
2026-03-19 07:45:28.160485,CoreBankingApp,Production,561.7205184782417,1101.849462416544,73.62280881660047,75.48597660630134,9.136561857021537,9,1
2026-03-19 07:50:28.160485,CoreBankingApp,Production,549.8786971346709,1087.70314961998,53.866508058987115,79.60621984271005,5.9102059710505594,10,1
2026-03-19 07:55:28.160485,CoreBankingApp,Production,580.0964934710994,1186.1336752305722,65.36673867371542,62.852164010313054,10.45246738904539,7,1
2026-03-19 08:00:28.160485,CoreBankingApp,Production,315.75633551195574,1232.1508398605813,63.683909127197495,58.82597824519609,1.9289775089111805,2,1
2026-03-19 08:05:28.160485,CoreBankingApp,Production,284.7732126961813,1306.471885713411,61.192140930475226,65.80160738899882,1.1128905370696438,0,0
2026-03-19 08:10:28.160485,CoreBankingApp,Production,257.9166242445306,1112.4703999154622,49.47418999341635,51.60176493195592,1.146077995256129,0,0
2026-03-19 08:15:28.160485,CoreBankingApp,Production,295.0886496159061,1174.3531649710983,69.23014249672397,72.24724258103713,1.4362739813212944,0,0
2026-03-19 08:20:28.160485,CoreBankingApp,Production,254.12412595000166,1256.565753437318,49.93232086104036,65.8911263963576,0.9015250884426805,1,0
2026-03-19 08:25:28.160485,CoreBankingApp,Production,257.3069284688185,1132.3683140703652,58.552046274987624,62.810524622426605,0.6960304320449421,1,0
2026-03-19 08:30:28.160485,CoreBankingApp,Production,284.8901065512584,1231.628723248625,73.53282780762414,71.69406311910122,1.2392580336027201,4,0
2026-03-19 08:35:28.160485,CoreBankingApp,Production,253.21212661568586,1260.1770301004349,56.065637103586496,81.31083334758857,1.4533719002773808,1,0
2026-03-19 08:40:28.160485,CoreBankingApp,Production,272.7214276687016,1143.4163193191757,52.22124994531665,62.86861217269362,1.0556019738284708,2,0
2026-03-19 08:45:28.160485,CoreBankingApp,Production,239.88119382640986,1193.4877455589126,54.54532382883264,82.21475262284613,1.062398556254731,1,0
2026-03-19 08:50:28.160485,CoreBankingApp,Production,282.2806697352662,1191.2981739067836,53.28632036900175,67.59518302951784,1.1026031191711223,0,0
2026-03-19 08:55:28.160485,CoreBankingApp,Production,276.308388167276,1233.1924399467919,74.7151382475714,61.768614278912835,1.2365793818550501,0,0
2026-03-19 09:00:28.160485,CoreBankingApp,Production,293.8179549200279,1060.2498428292351,62.818064865624265,73.15702858571758,1.1618431088340828,0,0
2026-03-19 09:05:28.160485,CoreBankingApp,Production,285.8945323437066,1241.5232160082323,42.25403300016758,65.86499707908695,0.9114314775275792,2,0
2026-03-19 09:10:28.160485,CoreBankingApp,Production,319.0975225544016,1221.4108556442593,56.341813273418495,69.90842585065779,1.5542954814466654,0,0
2026-03-19 09:15:28.160485,CoreBankingApp,Production,358.83182125754905,1171.8340198305066,81.93061028484405,64.59965262270835,1.375026879515847,1,0
2026-03-19 09:20:28.160485,CoreBankingApp,Production,287.5637500339619,1162.1540220908535,62.36142209506873,77.12027388473588,1.0213063857563573,0,0
2026-03-19 09:25:28.160485,CoreBankingApp,Production,263.72697597129365,1190.715121659382,68.43118999369122,54.71629718534038,0.8124290929672295,2,0
2026-03-19 09:30:28.160485,CoreBankingApp,Production,280.1111467393265,1160.8105295316016,77.63209546221684,67.6797037700088,1.3097774630699983,1,0
2026-03-19 09:35:28.160485,CoreBankingApp,Production,256.4743095448206,1171.7645716302382,40.443582160151735,47.57325698820132,1.0465991857439063,0,0
2026-03-19 09:40:28.160485,CoreBankingApp,Production,292.7803736388217,971.2449135811913,50.857355447784485,61.7321095407721,1.3297654337562403,3,0
2026-03-19 09:45:28.160485,CoreBankingApp,Production,252.1670824092698,1190.5178523054353,40.60295527579838,66.47584361444186,0.8197843999863822,0,0
2026-03-19 09:50:28.160485,CoreBankingApp,Production,281.9318053092158,1174.9561490520384,54.78723031196907,59.27775340891387,1.1465465016718548,1,0
2026-03-19 09:55:28.160485,CoreBankingApp,Production,332.72257423485365,1189.6460334432852,63.86526532717924,79.11825143300435,1.0972932802020963,0,0
2026-03-19 10:00:28.160485,CoreBankingApp,Production,298.26719430161563,1083.223105730987,60.36309496493841,70.28911449359855,1.4108893940149068,3,0
2026-03-19 10:05:28.160485,CoreBankingApp,Production,230.43705435191893,1112.1820894520947,50.17366950096162,57.69934672071823,1.1177947156193069,0,0
2026-03-19 10:10:28.160485,CoreBankingApp,Production,318.5090171594149,1294.3940948557445,64.54510963149976,62.753417441938,0.73328074347918,2,0
2026-03-19 10:15:28.160485,CoreBankingApp,Production,294.7012176482964,1162.9250693935087,58.538869451787235,63.354872702728194,1.0234832835010559,1,0
2026-03-19 10:20:28.160485,CoreBankingApp,Production,241.70547914968702,1096.8894995686012,40.748505848788646,73.78726147056153,0.9743283787715167,1,0
2026-03-19 10:25:28.160485,CoreBankingApp,Production,298.7309818479531,1098.4624006740748,68.0587950714561,62.31276416912352,1.005566305787456,0,0
2026-03-19 10:30:28.160485,CoreBankingApp,Production,266.7991876398396,1120.7153660862473,56.9263696964208,68.05374202701628,1.335701001783738,1,0
2026-03-19 10:35:28.160485,CoreBankingApp,Production,306.5275166422667,1181.1930345427907,64.33414231922133,55.101376231311555,0.8612118996413093,0,1
2026-03-19 10:40:28.160485,CoreBankingApp,Production,265.6916801768552,1318.6818368087525,60.15159610437859,63.27030748248871,0.9905246384432815,0,1
2026-03-19 10:45:28.160485,CoreBankingApp,Production,271.61964173191427,1184.9821091964363,46.77191012789546,63.63984738264274,0.8891015508086023,1,1
2026-03-19 10:50:28.160485,CoreBankingApp,Production,230.6067790853085,1157.737119916067,59.33510392002311,64.8233163361495,0.9081502960555609,4,1
2026-03-19 10:55:28.160485,CoreBankingApp,Production,247.22432789341627,1214.8224276210171,43.16950101532249,74.2140872860947,0.8341424252359217,1,1
2026-03-19 11:00:28.160485,CoreBankingApp,Production,270.98906445949103,1236.3302769737256,64.84639421602577,60.31245787266032,1.1148304966735563,1,1
2026-03-19 11:05:28.160485,CoreBankingApp,Production,214.34985755515703,1272.3675130544686,63.41862889068889,54.0075463248942,0.8674719016006536,1,1
2026-03-19 11:10:28.160485,CoreBankingApp,Production,261.93567783585405,1237.051160094261,52.97850741194489,68.9087239092514,1.0216536301142354,0,1
2026-03-19 11:15:28.160485,CoreBankingApp,Production,222.22918404732374,1150.6483872139977,50.6729736784931,60.30180004021503,1.0291577628773545,2,1
2026-03-19 11:20:28.160485,CoreBankingApp,Production,239.4811214313655,1294.2779001206404,52.75347381331068,59.242466896340446,0.7986733359530991,2,1
2026-03-19 11:25:28.160485,CoreBankingApp,Production,232.41083391616942,1112.386296149694,74.99125309975221,62.78822045631846,0.9697629918937051,1,1
2026-03-19 11:30:28.160485,CoreBankingApp,Production,217.85526282810625,1159.845816177806,65.17409038637334,49.570925708306326,0.7928793645299159,0,1
2026-03-19 11:35:28.160485,CoreBankingApp,Production,263.71047602681284,1106.5280356311848,53.380547409982896,72.57449977367725,1.017969906642422,0,1
2026-03-19 11:40:28.160485,CoreBankingApp,Production,312.42953556068414,1329.8634131650474,70.48995946060391,72.38325704850159,1.6641537217508608,3,0
2026-03-19 11:45:28.160485,CoreBankingApp,Production,412.7778829800388,1228.1441862799127,45.46086571619805,76.87245776578266,4.183121060956931,4,1
2026-03-19 11:50:28.160485,CoreBankingApp,Production,443.1352924395784,1153.8885902387137,69.42320680968163,68.93386078374957,2.7623881889517103,5,1
2026-03-19 11:55:28.160485,CoreBankingApp,Production,315.20220440587025,1299.5587399640904,44.169283473655994,65.42052929384008,2.4744749955434546,4,1
2026-03-19 12:00:28.160485,CoreBankingApp,Production,330.71706559252465,1242.9240423881902,49.84940878691799,77.61160459982682,3.0060713292807852,4,1
2026-03-19 12:05:28.160485,CoreBankingApp,Production,480.7079324169389,1126.9426302094414,79.71003081981719,40.73798630323837,2.780952472014535,4,1
2026-03-19 12:10:28.160485,CoreBankingApp,Production,388.4975932471262,1230.0220702914062,69.0483109760894,72.80744290662166,3.62094626261314,5,1
2026-03-19 12:15:28.160485,CoreBankingApp,Production,344.70649124859386,1151.1271240554147,58.27179162540517,62.418091981956245,3.3876115052605664,4,1
2026-03-19 12:20:28.160485,CoreBankingApp,Production,407.10749213808504,1346.9190444671704,53.46688369234745,45.83485694941406,2.375728412584394,4,1
2026-03-19 12:25:28.160485,CoreBankingApp,Production,365.78277038845005,1034.455419786373,63.22438664801031,62.889563495938184,3.026049446536758,4,1
2026-03-19 12:30:28.160485,CoreBankingApp,Production,408.29177005449543,1285.6028910248247,80.02484832637641,70.92801500582752,2.98164509631447,5,1
2026-03-19 12:35:28.160485,CoreBankingApp,Production,371.23087793496575,1050.266255609292,68.67253690887432,68.75276018781733,3.0279540156645424,4,1
2026-03-19 12:40:28.160485,CoreBankingApp,Production,375.47107538359484,1106.588295166606,75.01464490987601,54.882787578127164,3.5390309949364815,5,1
2026-03-19 12:45:28.160485,CoreBankingApp,Production,240.50162151977747,1434.5416741426861,70.63634749430366,75.95861076495352,1.07933821651964,0,1
2026-03-19 12:50:28.160485,CoreBankingApp,Production,265.4127925356747,1341.8938251592872,49.34202933928262,65.9443075612933,1.0386203942011083,0,1
2026-03-19 12:55:28.160485,CoreBankingApp,Production,295.06474924994086,1341.0664483349374,49.84080649421163,49.96106704953517,1.0347153865748746,1,0
2026-03-19 13:00:28.160485,CoreBankingApp,Production,267.6027183691515,944.8125096767797,77.30123468821364,66.49516321934978,1.1579517318372416,2,0
2026-03-19 13:05:28.160485,CoreBankingApp,Production,279.542384938293,1157.6834314908363,52.570214337254036,66.35275476915548,1.248627660144006,0,0
2026-03-19 13:10:28.160485,CoreBankingApp,Production,330.23733758984827,1226.200807425259,71.11031577877738,68.90491358723197,1.5961077128816128,1,0
2026-03-19 13:15:28.160485,CoreBankingApp,Production,283.18706972669827,1196.4301571688127,65.49480135981449,59.673605073105975,1.2267261306366604,1,0
2026-03-19 13:20:28.160485,CoreBankingApp,Production,289.6184579556957,1220.2645921534847,53.88079260085256,58.642847523947964,1.133875638184835,2,0
2026-03-19 13:25:28.160485,CoreBankingApp,Production,302.19378219972776,1234.4482493877492,65.63301801902095,67.56577301996978,0.9886354241877283,1,0
2026-03-19 13:30:28.160485,CoreBankingApp,Production,232.1250425972994,1230.6391177043138,60.49240250032567,59.8745343174684,0.6591806827694119,2,1
2026-03-19 13:35:28.160485,CoreBankingApp,Production,219.9218375843145,1219.8869944557207,65.352627062984,81.12964608990593,1.233531727733695,2,1
2026-03-19 13:40:28.160485,CoreBankingApp,Production,418.32268803516166,1355.6482412628309,54.648553548232066,63.59591742619116,3.8500512307626567,5,1
2026-03-19 13:45:28.160485,CoreBankingApp,Production,451.95045807923594,927.6285428507512,59.03917831726438,61.051005999442495,3.717195942035354,8,1
2026-03-19 13:50:28.160485,CoreBankingApp,Production,473.0510696123054,1271.4390671832296,58.35867233687629,59.30215068755972,4.187311408360421,7,1
2026-03-19 13:55:28.160485,CoreBankingApp,Production,423.26758369841207,1133.3328290300892,65.31887597328165,57.963839808790745,2.4929437743107634,6,1
2026-03-19 14:00:28.160485,CoreBankingApp,Production,528.0773458339423,1363.6333841287194,83.06251295940687,55.982046093002765,2.027560453202055,9,1
2026-03-19 14:05:28.160485,CoreBankingApp,Production,440.0747225006857,1100.6077529416052,60.92691010097734,69.9933395610053,3.6375181439733146,6,1
2026-03-19 14:10:28.160485,CoreBankingApp,Production,465.67694537740454,1320.5522128456487,50.59310480622358,62.88170726594116,2.639053902904834,5,1
2026-03-19 14:15:28.160485,CoreBankingApp,Production,456.1540225824717,1242.9016132052834,59.99344326916676,65.72024951292322,2.718455426740543,5,1
2026-03-19 14:20:28.160485,CoreBankingApp,Production,401.87249511930986,1257.5509494512735,65.88800377367744,53.89536520793782,3.019318121124833,5,1
2026-03-19 14:25:28.160485,CoreBankingApp,Production,391.2030811613768,1230.076803044099,64.01823219579734,68.18920045858079,2.6965426446385106,5,1
2026-03-19 14:30:28.160485,CoreBankingApp,Production,604.9866481808666,1211.2715643597899,59.73993494409236,58.17251258553401,5.423302984604189,9,1
2026-03-19 14:35:28.160485,CoreBankingApp,Production,395.4612221154939,1104.6230065595284,58.02752133518797,68.59581103762123,2.462100378870758,5,1
2026-03-19 14:40:28.160485,CoreBankingApp,Production,304.58261590887116,1096.359243781628,53.947069113446744,74.11870172202794,1.3906110192894348,0,0
2026-03-19 14:45:28.160485,CoreBankingApp,Production,348.16728731015013,1282.145783335072,64.94644455463352,42.858005291868,1.2219351166908443,1,0
2026-03-19 14:50:28.160485,CoreBankingApp,Production,244.3725364879554,1174.7479575664001,54.50435233861084,72.39459828340824,1.306213936136511,1,0
2026-03-19 14:55:28.160485,CoreBankingApp,Production,344.4457826529191,1175.847242616295,59.826172515829484,64.1108955328003,1.2323535871150684,1,0
2026-03-19 15:00:28.160485,CoreBankingApp,Production,259.0069848357043,1091.6109263234403,63.730789885690726,73.99917387441293,1.284620566052109,1,0
2026-03-19 15:05:28.160485,CoreBankingApp,Production,308.63954047599924,1277.2467065329574,64.06348403020718,59.88301856149989,0.9817609723105383,1,0
2026-03-19 15:10:28.160485,CoreBankingApp,Production,266.2903828703455,1146.3058510310548,62.25014472640066,71.6777038873728,1.2809305564848334,2,0
2026-03-19 15:15:28.160485,CoreBankingApp,Production,254.86886485313207,1024.4492658311099,65.3056889683207,67.56790030744588,1.1286071110774534,2,0
2026-03-19 15:20:28.160485,CoreBankingApp,Production,271.1455413715351,1243.5369901121167,52.131995008756405,64.610020851137,1.3298022640059275,0,0
2026-03-19 15:25:28.160485,CoreBankingApp,Production,279.3589773772926,1200.148233176206,51.455739843557666,65.67869248717632,1.1222872070324839,1,0
2026-03-19 15:30:28.160485,CoreBankingApp,Production,304.80123485279887,1173.2004435257822,68.02906361459196,69.12989402635957,1.2463742504094386,2,0
2026-03-19 15:35:28.160485,CoreBankingApp,Production,343.715827586201,1176.4150245461426,55.076491634933305,72.4731528817569,2.0277313508631254,4,1
2026-03-19 15:40:28.160485,CoreBankingApp,Production,297.1288864640241,1185.4783712884137,56.33440220765883,65.23415568421825,2.5520858493059864,2,1
2026-03-19 15:45:28.160485,CoreBankingApp,Production,364.3977944513099,1126.9614827115086,71.76662278089358,82.20985103965421,3.049290389983622,3,1
2026-03-19 15:50:28.160485,CoreBankingApp,Production,336.9564399419698,1149.002425324009,64.11774754445923,54.77278439753552,2.522877552938854,2,1
2026-03-19 15:55:28.160485,CoreBankingApp,Production,338.32261878235977,1131.1982085317022,65.75573258546055,54.488411425656665,2.699082168997472,4,1
2026-03-19 16:00:28.160485,CoreBankingApp,Production,263.9279480058951,1220.521060007414,53.91798470233981,67.43616623284,1.7199172021426146,4,1
2026-03-19 16:05:28.160485,CoreBankingApp,Production,359.66235240721784,1250.644088313891,68.61546014957523,73.32842241071639,2.9889587423097055,3,1
2026-03-19 16:10:28.160485,CoreBankingApp,Production,322.13606842443505,1437.3060762953262,58.93808245338499,61.137503396542996,3.149238369435839,3,1
2026-03-19 16:15:28.160485,CoreBankingApp,Production,446.37966389259253,1255.634828517452,74.43212134069788,74.81998102793435,2.615923508297487,3,1
2026-03-19 16:20:28.160485,CoreBankingApp,Production,356.1954691570583,1231.589086661201,70.10301988416519,53.10769172974067,2.6188443105633894,3,1
2026-03-19 16:25:28.160485,CoreBankingApp,Production,297.95136158804013,1290.1850284006964,43.823343643768986,55.86292531824825,3.0017666414408275,2,1
2026-03-19 16:30:28.160485,CoreBankingApp,Production,318.5879433904852,1145.6960335441413,53.3227876901414,55.32336172158334,2.405954862800586,2,1
2026-03-19 16:35:28.160485,CoreBankingApp,Production,369.2242435534629,1403.312520697151,65.93501916285214,62.94457645773006,2.3198267966084885,2,1
2026-03-19 16:40:28.160485,CoreBankingApp,Production,348.5722961595002,1116.765288257076,46.00427798777047,63.27099997748309,2.964581033121429,2,1
2026-03-19 16:45:28.160485,CoreBankingApp,Production,380.61561639464435,1212.2428838405806,59.40953427498743,66.13810568295442,2.8377462953062818,5,1
2026-03-19 16:50:28.160485,CoreBankingApp,Production,245.9545918681184,996.1425490964087,53.96946945888041,60.51639550968488,2.6013610745943363,2,1
2026-03-19 16:55:28.160485,CoreBankingApp,Production,428.71366067542726,1096.2382084872083,68.9069152825561,52.88228180779015,2.240790553313886,2,1
2026-03-19 17:00:28.160485,CoreBankingApp,Production,307.68773211931386,1230.260915367252,67.74828136916406,61.73053101256533,2.524972243478371,4,1
2026-03-19 17:05:28.160485,CoreBankingApp,Production,291.82142931260717,1326.678887319311,45.01328537451606,68.5252410386509,2.9819079452324475,3,1
2026-03-19 17:10:28.160485,CoreBankingApp,Production,219.58041542775314,1142.4934959357631,72.76178919220608,70.19940769454267,2.1527897686451123,2,1
2026-03-19 17:15:28.160485,CoreBankingApp,Production,295.1123640764041,1176.517293098214,60.860250330455294,53.990713716839785,2.1817808203132665,3,1
2026-03-19 17:20:28.160485,CoreBankingApp,Production,269.1385721019868,1205.4107376442778,58.89324460443926,59.95582255377777,1.4572809243475187,3,1
2026-03-19 17:25:28.160485,CoreBankingApp,Production,293.1488209216889,1087.9888174306263,51.10654512342427,59.40162911978581,4.639367343430882,6,1
2026-03-19 17:30:28.160485,CoreBankingApp,Production,303.679462173654,1170.8496734626383,60.65520857093841,45.0154551476509,5.633816038003457,5,1
2026-03-19 17:35:28.160485,CoreBankingApp,Production,327.48181154359327,1014.1261041690234,56.886705802602926,59.73343733942152,6.719719171096418,5,1
2026-03-19 17:40:28.160485,CoreBankingApp,Production,238.74839967436836,1341.5965175567844,52.30526777790652,70.52852750701709,2.5138330129457995,2,1
2026-03-19 17:45:28.160485,CoreBankingApp,Production,234.60319985282797,1150.056593841793,59.69843533856251,57.37145632208321,1.205722622263872,4,1
2026-03-19 17:50:28.160485,CoreBankingApp,Production,207.74439530084575,1169.4171079845923,44.28972587716632,56.732881037818466,2.1833471740761943,2,1
2026-03-19 17:55:28.160485,CoreBankingApp,Production,207.91109412774168,1195.5855117921499,57.83970410938018,75.85644950857105,2.3784511248983127,3,1
2026-03-19 18:00:28.160485,CoreBankingApp,Production,292.3960585631766,1290.0205679708,64.20817558879534,70.25735814900898,2.129922924931233,3,1
2026-03-19 18:05:28.160485,CoreBankingApp,Production,250.30419392422652,1142.6438552620584,58.442592488066815,84.50347091874264,2.6791867500726663,2,1
2026-03-19 18:10:28.160485,CoreBankingApp,Production,268.9633915914968,1272.8624024785342,45.72171654356419,67.04968126141755,1.6176640585074908,4,1
2026-03-19 18:15:28.160485,CoreBankingApp,Production,367.80625718598304,1120.7981793125418,79.12044294070198,78.70348673600078,3.239821423263326,2,1
2026-03-19 18:20:28.160485,CoreBankingApp,Production,362.69358904699567,1162.60188889628,74.17064462362356,53.393830702546936,2.712537083838107,5,1
2026-03-19 18:25:28.160485,CoreBankingApp,Production,451.4653185388253,1111.2966664229336,71.80409539039009,55.55784502119715,3.167536832474321,5,1
2026-03-19 18:30:28.160485,CoreBankingApp,Production,459.3269731578178,1100.3857886741755,62.46481091537648,56.10226183387505,2.8955999661533944,4,1
2026-03-19 18:35:28.160485,CoreBankingApp,Production,428.3276580308774,1233.8636993370665,59.31916559290409,67.970581994292,4.694804694090756,6,1
2026-03-19 18:40:28.160485,CoreBankingApp,Production,351.5701649466787,1278.7515413775668,65.3098768266469,68.31449227763655,3.9913223364970127,4,1
2026-03-19 18:45:28.160485,CoreBankingApp,Production,346.8287731183116,1188.5121914354606,59.46146144739515,84.24773568244731,4.031059491761212,4,1
2026-03-19 18:50:28.160485,CoreBankingApp,Production,427.59134056013664,1393.4317313870959,56.5637514621213,75.2482532846782,2.8880613845274077,3,1
2026-03-19 18:55:28.160485,CoreBankingApp,Production,480.03496439366324,1235.569562629452,81.55185761639547,59.280909499197115,2.5719232603590383,4,1
2026-03-19 19:00:28.160485,CoreBankingApp,Production,407.5081304567082,1130.6606884316934,58.74085764989999,62.56520297754239,2.2836602232989285,5,1
2026-03-19 19:05:28.160485,CoreBankingApp,Production,434.5913868511464,1182.1988526501,52.22791080270501,67.56400687371818,2.840958814200001,3,1
2026-03-19 19:10:28.160485,CoreBankingApp,Production,485.2017183419073,1175.245669510272,75.29401734224258,58.45261517574804,2.914702706716589,4,1
2026-03-19 19:15:28.160485,CoreBankingApp,Production,488.8397729320569,1094.343330113371,70.59806368885495,63.24631950880135,4.013698554878809,5,1
2026-03-19 19:20:28.160485,CoreBankingApp,Production,438.3360616905271,1197.9627245890983,66.38330502114067,67.03269530621706,2.9945267881893094,4,1
2026-03-19 19:25:28.160485,CoreBankingApp,Production,221.70574629656642,1159.5470274889087,35.81943930078871,72.4859610111133,1.4045049789889237,1,0
2026-03-19 19:30:28.160485,CoreBankingApp,Production,280.395967437296,1230.5350556849803,59.527811746667325,62.43975570914684,1.2595811286723677,0,0
2026-03-19 19:35:28.160485,CoreBankingApp,Production,260.154829354219,1263.2237506734607,50.89682900785356,71.583957329853,1.253283465553572,0,0
2026-03-19 19:40:28.160485,CoreBankingApp,Production,343.3997165276702,1354.4761224577285,59.42463233004979,64.33478720891024,0.7494051526269678,0,0
2026-03-19 19:45:28.160485,CoreBankingApp,Production,281.7869854805515,1081.115489095617,53.6203594048051,48.60570930397827,0.7043190084328474,2,0
2026-03-19 19:50:28.160485,CoreBankingApp,Production,307.86409856695997,1117.234330141144,67.84347205788218,73.38067943811554,1.571321583326545,1,0
2026-03-19 19:55:28.160485,CoreBankingApp,Production,218.22994656499074,1266.829317635039,51.09642743999417,58.82170938113107,1.024290695128766,0,0
2026-03-19 20:00:28.160485,CoreBankingApp,Production,291.99605361199974,1139.9278464482181,48.00957282253893,77.4424431031664,1.276134420311164,1,0
2026-03-19 20:05:28.160485,CoreBankingApp,Production,273.99523534675683,1103.9719964055196,63.67488618718494,74.24496822723876,1.3923857976583833,0,0
2026-03-19 20:10:28.160485,CoreBankingApp,Production,278.48130508985764,1051.4912682497534,64.89630707037135,69.0500000446196,0.7088458207695374,2,0
2026-03-19 20:15:28.160485,CoreBankingApp,Production,280.6298623463645,1144.2341884376785,53.851649536525635,62.78145247192414,1.1135837864159537,0,0
2026-03-19 20:20:28.160485,CoreBankingApp,Production,340.40380301606905,1123.4013274063666,58.73974373965179,58.74004156485535,1.2892175353481579,1,0
2026-03-19 20:25:28.160485,CoreBankingApp,Production,359.1416856866131,1167.474664036808,60.175554102851954,65.10551506233492,0.9060801460911868,0,0
2026-03-19 20:30:28.160485,CoreBankingApp,Production,225.25342391679388,1212.5751610352615,47.362505986639135,73.67130322274639,1.4199014892190587,0,0
2026-03-19 20:35:28.160485,CoreBankingApp,Production,257.68170874942166,1195.7346248316474,64.48688579340399,70.59443914783532,1.3298022632781288,1,0
2026-03-19 20:40:28.160485,CoreBankingApp,Production,298.1118803959282,1430.7001005373493,66.46465574081358,68.69775617319219,1.1098226929997286,0,0
2026-03-19 20:45:28.160485,CoreBankingApp,Production,316.4421334210433,1174.9549798059331,53.95314539790409,62.87920313540881,1.0659100223362352,0,0
2026-03-19 20:50:28.160485,CoreBankingApp,Production,276.8616110346003,1259.5778334270983,57.7057175246995,60.11568342335317,1.143883938635049,1,0
2026-03-19 20:55:28.160485,CoreBankingApp,Production,250.86198655943284,1139.6021321529615,65.85505802255985,70.2301037717121,1.2427318323815049,1,0
2026-03-19 21:00:28.160485,CoreBankingApp,Production,309.56793486505813,1208.6557232764162,64.98736099421453,54.74861238187614,1.2502158981803353,2,0
2026-03-19 21:05:28.160485,CoreBankingApp,Production,284.6485871403241,1408.8798415181711,67.55971915282488,55.23928926605385,1.115631190658141,0,0
2026-03-19 21:10:28.160485,CoreBankingApp,Production,340.6848531071405,1133.670027375776,60.53765048253648,72.6810211452876,1.43451443548279,1,0
2026-03-19 21:15:28.160485,CoreBankingApp,Production,358.7984887029785,1143.1851622219112,63.27824931977271,67.52964910035395,1.1405223918512961,2,0
2026-03-19 21:20:28.160485,CoreBankingApp,Production,243.3856184791813,1150.1448051353732,64.89960524928952,70.25117570475967,0.7759645443844366,0,1
2026-03-19 21:25:28.160485,CoreBankingApp,Production,220.94756450683747,1126.0533310797493,60.93877303900822,66.73424621143573,0.9679041286316669,1,1
2026-03-19 21:30:28.160485,CoreBankingApp,Production,209.52052726974193,1074.0072374187073,62.21198151732982,81.47648093192046,1.048429308356112,1,1
2026-03-19 21:35:28.160485,CoreBankingApp,Production,243.97007681304797,1364.6035240882102,59.39569034334974,65.17254292538618,1.0257711553148658,0,1
2026-03-19 21:40:28.160485,CoreBankingApp,Production,218.26374411170366,1127.848189215279,63.99273154710815,48.381987792784855,0.9647555206361295,0,1
2026-03-19 21:45:28.160485,CoreBankingApp,Production,227.61751171255696,1343.3100549560088,59.96706633082111,63.709489375221786,0.8806054613575215,0,1
2026-03-19 21:50:28.160485,CoreBankingApp,Production,244.75681023219784,1498.7600247929731,54.24295654003014,67.00132180570128,0.7431975646865273,0,1
2026-03-19 21:55:28.160485,CoreBankingApp,Production,264.78227995439585,1128.6585562532657,62.7076448621969,50.64532264317384,1.1335495686062338,1,1
2026-03-19 22:00:28.160485,CoreBankingApp,Production,219.66174271032435,1259.9460451039436,64.56495283330172,80.56936992818507,1.1325195636133836,1,1
2026-03-19 22:05:28.160485,CoreBankingApp,Production,207.73767088902738,1213.308661610887,57.83282706551276,52.03547289929392,0.7785831399015088,3,1
2026-03-19 22:10:28.160485,CoreBankingApp,Production,248.39181282690916,1343.9742509483162,70.11979620474926,75.94122112654027,1.4121937464424748,1,1
2026-03-19 22:15:28.160485,CoreBankingApp,Production,238.56662474009784,1327.0286960229885,71.21166877030984,58.453301884051704,0.8244025803296299,1,1
2026-03-19 22:20:28.160485,CoreBankingApp,Production,294.4887709240991,1414.849470262769,68.45088805021255,63.264297671195955,0.8819680548366526,2,0
2026-03-19 22:25:28.160485,CoreBankingApp,Production,253.6054805899156,1229.305452189627,62.041048443082744,69.66089469405165,1.7041858353152484,0,0
2026-03-19 22:30:28.160485,CoreBankingApp,Production,281.6899464645493,1214.3178199698202,51.494867922600015,63.53619209601657,1.082408688583507,1,0
2026-03-19 22:35:28.160485,CoreBankingApp,Production,316.87923220553967,1405.5698690292047,60.36689742270904,64.48584040441797,0.9367639834024751,1,0
2026-03-19 22:40:28.160485,CoreBankingApp,Production,304.81272906512754,1254.1940299708992,54.262945337757785,63.75960576713673,1.3564265739825108,0,0
2026-03-19 22:45:28.160485,CoreBankingApp,Production,288.08662892023835,1052.7758571776417,67.48206119363905,62.76137170922389,1.0133342805357033,1,0
2026-03-19 22:50:28.160485,CoreBankingApp,Production,446.7445971320708,1117.1035074149224,57.558275740513395,69.93998870890209,3.750344493539688,1,1
2026-03-19 22:55:28.160485,CoreBankingApp,Production,404.4169774164605,1265.7502753165531,76.80370029242847,64.53391597533724,3.0835020368202812,0,1
2026-03-19 23:00:28.160485,CoreBankingApp,Production,411.77142003013483,1118.6155278710123,58.90720959903219,54.15322461942104,2.7002854177702065,2,1
2026-03-19 23:05:28.160485,CoreBankingApp,Production,444.55764468476764,1165.74633072067,60.66159913613395,58.57439003106758,3.2695303435546172,0,1
2026-03-19 23:10:28.160485,CoreBankingApp,Production,410.08214720669946,1087.0613013555076,49.549790909547156,70.79389042526422,3.66118735349525,1,1
2026-03-19 23:15:28.160485,CoreBankingApp,Production,436.0165181796009,1274.5221066497577,84.75032886956983,58.90189419633095,2.8674569788075637,0,1
2026-03-19 23:20:28.160485,CoreBankingApp,Production,483.1298336809171,1158.6547477295971,52.163850197869294,55.88405483559569,3.161113157793481,3,1
2026-03-19 23:25:28.160485,CoreBankingApp,Production,477.54813407670804,1247.5917088692418,68.18000916418092,73.49835867516462,3.9015970986963153,0,1
2026-03-19 23:30:28.160485,CoreBankingApp,Production,380.6053075587182,1186.443622599356,55.430739133979635,69.3891712686624,3.961014478725929,0,1
2026-03-19 23:35:28.160485,CoreBankingApp,Production,274.2416062873641,943.7721733880107,58.631702042363045,60.08061214613104,2.6538795583504853,1,1
2026-03-19 23:40:28.160485,CoreBankingApp,Production,323.76564642667495,1115.810388965462,68.92334923776576,59.32132898799983,2.4693552482707175,0,1
2026-03-19 23:45:28.160485,CoreBankingApp,Production,306.7998455868595,1201.6849662200873,42.623421554733156,70.45528465478912,2.784281286213578,2,1
2026-03-19 23:50:28.160485,CoreBankingApp,Production,227.6933607304181,1155.947035996734,64.19898675974424,78.09558505302323,1.0340714374768196,0,1
2026-03-19 23:55:28.160485,CoreBankingApp,Production,215.3082939082297,1212.7946367904567,50.7952286382586,66.33258567166014,0.9575654249468537,0,1
2026-03-20 00:00:28.160485,CoreBankingApp,Production,180.2861247044999,1243.9355447250666,62.377868423198514,61.51254636788579,0.9589938187153014,0,1
2026-03-20 00:05:28.160485,CoreBankingApp,Production,226.58576172179542,1009.0936470334921,68.44214680334608,51.701380059672886,0.7791493373564744,1,1
2026-03-20 00:10:28.160485,CoreBankingApp,Production,200.2860749116537,1047.0658103457536,52.16918013087614,56.78674849509596,0.7932517091048431,2,1
2026-03-20 00:15:28.160485,CoreBankingApp,Production,211.85068212226327,1226.84090709518,65.1348749315876,72.98891120952796,0.931838176203631,0,1
2026-03-20 00:20:28.160485,CoreBankingApp,Production,203.50751703531674,1282.3672456839445,57.9348963175737,59.81460874658815,0.8955694737277446,1,1
2026-03-20 00:25:28.160485,CoreBankingApp,Production,217.49683228586423,1213.7751239084942,60.91573665292263,63.050037156904985,0.8187909391690206,0,1
2026-03-20 00:30:28.160485,CoreBankingApp,Production,244.14810289294354,1185.4927282653919,80.26376467672216,55.276630475284314,0.774531013175326,0,1
2026-03-20 00:35:28.160485,CoreBankingApp,Production,266.9829578491758,1122.989797625275,59.57425163862238,61.07198681096489,1.1869373917774495,1,0
2026-03-20 00:40:28.160485,CoreBankingApp,Production,270.02831735658435,1125.2951284620863,54.34764001557419,57.248000570667465,1.327831227871067,2,0
2026-03-20 00:45:28.160485,CoreBankingApp,Production,353.6310327117431,1206.8280298312975,67.7308373728133,72.3921951304322,1.059977796437148,0,0
2026-03-20 00:50:28.160485,CoreBankingApp,Production,267.3563055954746,1179.7277182353755,63.96491084414955,61.80191414163538,1.319332636732933,1,0
2026-03-20 00:55:28.160485,CoreBankingApp,Production,311.8049885457878,1156.9106356451452,56.90543467576679,71.45067621484388,3.8678124485549703,6,1
2026-03-20 01:00:28.160485,CoreBankingApp,Production,389.9252182588702,1146.1545763724155,62.49137691206577,67.22153393133628,3.606077913547335,5,1
2026-03-20 01:05:28.160485,CoreBankingApp,Production,443.1522730170284,1314.6964445405968,69.04513932865703,55.32795117286325,2.6477753447703742,3,1
2026-03-20 01:10:28.160485,CoreBankingApp,Production,608.5366511299255,1422.4888446858388,40.53396968923253,60.30969802109036,11.505789938237962,9,1
2026-03-20 01:15:28.160485,CoreBankingApp,Production,761.2522167469365,1266.5411120015997,63.851578979815876,65.99828376883511,12.649855972679058,8,1
2026-03-20 01:20:28.160485,CoreBankingApp,Production,573.2114033845595,1149.2361353867007,62.47186560860417,46.79269239204881,9.368006153340152,13,1
2026-03-20 01:25:28.160485,CoreBankingApp,Production,584.1950503663953,1250.0585022707216,64.5234213690574,62.88277730974025,10.222435908719437,8,1
2026-03-20 01:30:28.160485,CoreBankingApp,Production,712.6933216399865,1297.7157571966677,61.010562948175654,64.89819640594327,12.428416207652463,8,1
2026-03-20 01:35:28.160485,CoreBankingApp,Production,770.2123598083795,1314.2410206730544,61.977908837792555,53.49757646180802,22.106742577594407,8,1
2026-03-20 01:40:28.160485,CoreBankingApp,Production,786.2053661178652,1171.5928577115105,64.90641776905322,67.73980132530983,25.05192209614269,11,1
2026-03-20 01:45:28.160485,CoreBankingApp,Production,742.5837963045702,1219.8499846585917,56.10464520964573,63.406270868464745,22.076813934841933,9,1
2026-03-20 01:50:28.160485,CoreBankingApp,Production,1028.5670370085488,1213.672484600555,69.98305405177459,74.30280514697114,93.01557335495482,13,1
2026-03-20 01:55:28.160485,CoreBankingApp,Production,713.4450187597296,1048.7825350087435,52.403360661534165,67.59770361572708,29.012554085422856,11,1
2026-03-20 02:00:28.160485,CoreBankingApp,Production,753.3960186572428,1119.1296554908824,72.52432208688614,64.63444172789546,27.46723122573107,10,1
2026-03-20 02:05:28.160485,CoreBankingApp,Production,862.2389201863283,985.2969009395571,80.09313655528523,58.08112939447388,24.600617468220133,10,1
2026-03-20 02:10:28.160485,CoreBankingApp,Production,730.4489859714062,1271.6464492359453,71.26206539412715,67.41166254634545,23.64148669555437,9,1
2026-03-20 02:15:28.160485,CoreBankingApp,Production,488.15954990453713,1105.7710293770401,70.22683891937585,61.38287265264721,7.691674339472407,5,1
2026-03-20 02:20:28.160485,CoreBankingApp,Production,422.99579788635526,1347.9260612405465,57.25319595072604,70.23264143026594,5.191346871638878,6,1
2026-03-20 02:25:28.160485,CoreBankingApp,Production,510.1045097139091,1190.444519402903,68.34470631197082,64.79700771141543,8.03495606435481,4,1
2026-03-20 02:30:28.160485,CoreBankingApp,Production,419.431866615081,1259.8035912954088,39.66518253943497,57.67802206839111,6.001837307794693,4,1
2026-03-20 02:35:28.160485,CoreBankingApp,Production,402.65868520176235,1310.9911472031754,63.39923694763881,66.62308592639704,8.27784384617951,4,1
2026-03-20 02:40:28.160485,CoreBankingApp,Production,406.8998159107044,1249.6040163193406,48.1807037942973,66.67860460312691,3.1979267149055217,6,1
2026-03-20 02:45:28.160485,CoreBankingApp,Production,406.2516927610534,1060.2262560835954,49.869659248975225,61.506313619722036,3.2552006464048646,4,1
2026-03-20 02:50:28.160485,CoreBankingApp,Production,455.5317318056952,1055.0163799309612,74.405546508426,71.15787436822528,4.428039877514307,7,1
2026-03-20 02:55:28.160485,CoreBankingApp,Production,332.59084113421824,1171.187390918308,54.36457177429777,67.65383907428563,1.4628910497792398,3,0
2026-03-20 03:00:28.160485,CoreBankingApp,Production,282.52833970269444,1252.550557821938,65.57856269314088,74.34090183904625,1.0570625315282074,0,0
2026-03-20 03:05:28.160485,CoreBankingApp,Production,274.964068590611,1135.207176748839,54.06290259073425,52.262377836644866,0.8291381562901902,2,0
2026-03-20 03:10:28.160485,CoreBankingApp,Production,334.57112331645845,1291.3775186359076,56.76140970096257,59.58019119849724,0.9518468786165732,0,0
2026-03-20 03:15:28.160485,CoreBankingApp,Production,273.8361951363324,1222.9927868243349,56.33269445890569,61.66387292308731,1.3031973149089016,1,0
2026-03-20 03:20:28.160485,CoreBankingApp,Production,346.20002885028276,1119.479264254845,55.144876067948374,66.28752050593945,0.9754084661996076,2,0
2026-03-20 03:25:28.160485,CoreBankingApp,Production,567.2604602967592,1204.3612054022938,62.46275947691632,55.294149452132686,2.454870958408842,5,1
2026-03-20 03:30:28.160485,CoreBankingApp,Production,423.7988777233721,1163.0238557039145,56.8623573863057,75.8222603244174,4.950953191164764,3,1
2026-03-20 03:35:28.160485,CoreBankingApp,Production,452.59964222179804,1315.3650179931537,48.58165677547811,71.87898860820611,4.025438669263368,4,1
2026-03-20 03:40:28.160485,CoreBankingApp,Production,538.0185932328349,1347.9854126933567,69.63372830707068,68.02048468271373,3.375973991304385,5,1
2026-03-20 03:45:28.160485,CoreBankingApp,Production,539.4139008625716,1153.0033118060865,46.21657643786472,68.8166169747317,4.369914983559388,7,1
2026-03-20 03:50:28.160485,CoreBankingApp,Production,561.2692708593087,1221.3760311560748,66.28939353466313,57.55979706501906,3.762447910097698,3,1
2026-03-20 03:55:28.160485,CoreBankingApp,Production,514.4839538367534,1144.7251064732568,63.35839147705724,71.7529099878677,4.274542148495082,4,1
2026-03-20 04:00:28.160485,CoreBankingApp,Production,496.8194784146458,1361.650146876062,51.85434601207618,68.6688402055158,4.4928919630234745,5,1
2026-03-20 04:05:28.160485,CoreBankingApp,Production,573.889675985695,1062.950108302724,61.35283614932805,65.19677936120618,4.230108672379487,5,1
2026-03-20 04:10:28.160485,CoreBankingApp,Production,598.3142274010123,1275.1291273523648,70.96356246225643,67.0948722581269,3.865862500788633,6,1
2026-03-20 04:15:28.160485,CoreBankingApp,Production,498.42393185380035,1218.8939895079686,50.9416289969606,64.89163456042655,3.463524004785402,4,1
2026-03-20 04:20:28.160485,CoreBankingApp,Production,494.20528984535315,1066.3942863640557,48.08606215120014,66.44624942165885,4.338887781961519,4,1
2026-03-20 04:25:28.160485,CoreBankingApp,Production,314.87473264820795,1170.7798550810232,37.66168563572417,63.0784971848806,1.1030812907527667,0,0
2026-03-20 04:30:28.160485,CoreBankingApp,Production,334.4394048532177,1019.3251679684932,71.95765467709123,57.72525798772852,1.052900849167179,1,0
2026-03-20 04:35:28.160485,CoreBankingApp,Production,276.10808282034134,1250.0697664149354,66.44141939404587,52.830787548991005,1.2794111516772646,0,0
2026-03-20 04:40:28.160485,CoreBankingApp,Production,257.2459174734746,1289.0036222517772,40.76867011657238,60.540869253703654,1.044837166952084,0,0
2026-03-20 04:45:28.160485,CoreBankingApp,Production,323.9962996057156,1358.5407151438876,49.709698665692855,72.42700873718354,1.0792189924938542,3,0
2026-03-20 04:50:28.160485,CoreBankingApp,Production,281.3968202272701,1157.6635268221771,59.342726654875996,66.27200683368181,1.405506403708652,0,0
2026-03-20 04:55:28.160485,CoreBankingApp,Production,250.91614231105194,1144.4251894837225,64.38603990446833,63.015334169254466,1.3573839048452094,1,0
2026-03-20 05:00:28.160485,CoreBankingApp,Production,343.6651884306516,980.9872624187486,82.73115822435648,58.4886331692944,1.0249544515006135,0,0
2026-03-20 05:05:28.160485,CoreBankingApp,Production,305.5331369494713,1267.0321072793163,56.9228277067564,57.45453159314644,0.7713671213132258,0,0
2026-03-20 05:10:28.160485,CoreBankingApp,Production,316.9772714445172,1120.6972322148629,62.184338863455466,72.44799223304751,1.3507186754095422,1,0
2026-03-20 05:15:28.160485,CoreBankingApp,Production,307.6478046244384,1224.0295899595794,46.84382891559817,62.474411527884826,1.149446241135535,1,0
2026-03-20 05:20:28.160485,CoreBankingApp,Production,316.07380094973183,1092.023072123844,63.36483659118667,66.7783336203112,1.2291155362814148,0,0
2026-03-20 05:25:28.160485,CoreBankingApp,Production,276.25208109434897,1202.7363153211525,87.26035250622279,62.242065253989466,1.0855303925325919,1,0
2026-03-20 05:30:28.160485,CoreBankingApp,Production,322.7104907023301,1138.7779906556327,74.62859797057226,62.99516840089822,1.261632360906114,1,0
2026-03-20 05:35:28.160485,CoreBankingApp,Production,283.2147841349741,1213.5628084790335,53.690079924453364,46.762828027898955,1.185893415108266,0,0
2026-03-20 05:40:28.160485,CoreBankingApp,Production,219.7617269556052,1174.8464436349068,42.918006433857855,67.60929980137115,1.3877153650829497,1,0
2026-03-20 05:45:28.160485,CoreBankingApp,Production,273.76221850889493,1219.4002065547247,52.805099347075526,71.88172608745042,1.4370552592084587,2,0
2026-03-20 05:50:28.160485,CoreBankingApp,Production,292.88425614007855,1039.8263587804922,66.96753334381478,65.12312059391634,1.3471645334196918,0,0
2026-03-20 05:55:28.160485,CoreBankingApp,Production,300.07986788810194,1243.9542566692633,70.87761728984138,78.14929693245642,1.3531937211189322,3,0
2026-03-20 06:00:28.160485,CoreBankingApp,Production,275.3578271514799,1266.0216421069074,54.15191109050135,63.930854875578376,1.0837469735245278,4,0
2026-03-20 06:05:28.160485,CoreBankingApp,Production,253.63309666144147,1195.7461711786927,63.009280248763446,61.87960390548912,0.9898632200476597,0,1
2026-03-20 06:10:28.160485,CoreBankingApp,Production,307.47067448932455,1259.444509271391,79.83613573696034,71.1478025431256,2.640800589087755,0,1
2026-03-20 06:15:28.160485,CoreBankingApp,Production,239.7436454944732,1374.0438424654676,60.43504373325985,47.14367725879957,2.563535419931084,0,1
2026-03-20 06:20:28.160485,CoreBankingApp,Production,337.33578078906544,1143.91675125523,67.75519556824726,68.1936599588699,2.659747636081805,0,1
2026-03-20 06:25:28.160485,CoreBankingApp,Production,299.7440939344023,1378.510547721,52.971585349554715,70.97188020103098,2.719311496927718,1,1
2026-03-20 06:30:28.160485,CoreBankingApp,Production,262.0755217983917,1280.0549096491573,64.86413948918494,68.94643267588413,2.885066947307468,3,1
2026-03-20 06:35:28.160485,CoreBankingApp,Production,271.63086530956883,1101.8868335700217,62.92982447453468,64.47260314523517,2.2623487363715564,1,1
2026-03-20 06:40:28.160485,CoreBankingApp,Production,288.8614914801138,1330.8499312697113,56.932167756627805,79.40406430283508,2.8821026161021956,2,1
2026-03-20 06:45:28.160485,CoreBankingApp,Production,313.2245619782924,1309.7684105819214,62.99849284271663,76.42227026914001,2.830567736853647,1,1
2026-03-20 06:50:28.160485,CoreBankingApp,Production,263.485385337351,1119.9772430384432,54.669693542391514,54.15895280737582,1.496770992439588,1,1
2026-03-20 06:55:28.160485,CoreBankingApp,Production,293.61503049420514,1092.3595987912672,75.20322361568074,62.580491858371765,2.636605079813958,0,1
2026-03-20 07:00:28.160485,CoreBankingApp,Production,250.5039130489078,1098.4995742155431,63.48197890348741,59.99223406001063,2.8106708011538863,1,1
2026-03-20 07:05:28.160485,CoreBankingApp,Production,332.24254108450384,1164.763362767994,64.91481651478757,78.45451681152909,3.1755728932082636,2,1
2026-03-20 07:10:28.160485,CoreBankingApp,Production,316.37143169479907,1281.2665810559615,65.6327314921025,48.44902645169696,1.0981130433319723,1,0
2026-03-20 07:15:28.160485,CoreBankingApp,Production,265.6818762673257,1309.555899431424,55.93653980600715,59.586969192548395,0.7701233503654263,0,0
2026-03-20 07:20:28.160485,CoreBankingApp,Production,309.6064259777869,1311.4897565072738,77.19498968405954,62.04515334625407,1.2648886800947639,0,0
2026-03-20 07:25:28.160485,CoreBankingApp,Production,316.2201362341454,1273.8975101912436,70.09393651812395,63.19309338318628,1.1528272868855876,0,0
2026-03-20 07:30:28.160485,CoreBankingApp,Production,217.55277900300035,1335.543759510638,54.658909358258896,67.06194792858582,0.8478143252295484,0,1
2026-03-20 07:35:28.160485,CoreBankingApp,Production,252.56884765591585,1317.920594555866,52.469038948962584,70.07386850367745,0.981745685703402,1,1
2026-03-20 07:40:28.160485,CoreBankingApp,Production,232.78140549595113,1213.3607280259828,62.316682850852295,55.7037423148215,0.9729888086818161,0,1
2026-03-20 07:45:28.160485,CoreBankingApp,Production,225.71077714630002,1190.8360352153368,68.33764154886995,67.30401214784457,1.0462065809411603,0,1
2026-03-20 07:50:28.160485,CoreBankingApp,Production,235.21916715382554,1231.2212903913776,54.232742847462866,71.61386974902084,0.485462064159753,2,1
2026-03-20 07:55:28.160485,CoreBankingApp,Production,192.87394948633252,1258.6601322729011,67.76648560132325,57.83375371479812,0.6377435606231329,1,1
2026-03-20 08:00:28.160485,CoreBankingApp,Production,181.7071584765306,1168.8803343318398,42.333891658593274,73.51961659796999,0.6558584115973624,0,1
2026-03-20 08:05:28.160485,CoreBankingApp,Production,187.51879469366722,1176.0095825601982,68.33189276230475,66.43018027928933,0.6971202886322228,2,1
2026-03-20 08:10:28.160485,CoreBankingApp,Production,186.45098891345881,1315.4231059505462,70.72456116120236,67.16452603847628,0.570613617053447,1,1
2026-03-20 08:15:28.160485,CoreBankingApp,Production,182.82287989452172,1225.885237917934,45.812767288639776,58.124216312148384,0.6743894502705368,4,1
2026-03-20 08:20:28.160485,CoreBankingApp,Production,165.22458014260818,1254.6870545278034,69.52012568453813,51.877842860925,0.6501682256740242,1,1
2026-03-20 08:25:28.160485,CoreBankingApp,Production,170.68788636154935,1258.3802968215307,59.995751117208094,60.30788831809589,0.6752468355205333,2,1
2026-03-20 08:30:28.160485,CoreBankingApp,Production,238.8745519843409,1358.9310068937323,63.733760177564285,63.3950788971772,0.6989927629788456,2,1
2026-03-20 08:35:28.160485,CoreBankingApp,Production,225.9331860651995,1072.993535006017,53.466298255696046,62.82157800949779,0.8490235644795413,3,1
2026-03-20 08:40:28.160485,CoreBankingApp,Production,224.12019123483776,1191.3473669639727,69.13619760366944,63.553765223419006,0.9388462580042447,0,1
2026-03-20 08:45:28.160485,CoreBankingApp,Production,224.89710186769102,1195.6638610476052,61.38147132447694,65.6259767784487,0.546430625565958,0,1
2026-03-20 08:50:28.160485,CoreBankingApp,Production,224.30697135210426,1380.237761393409,54.97593766866478,57.88437245398205,0.7184605716354244,1,1
2026-03-20 08:55:28.160485,CoreBankingApp,Production,258.68947721327777,1240.927807076368,74.26447946208671,65.85437434546456,1.39963256873566,1,1
2026-03-20 09:00:28.160485,CoreBankingApp,Production,208.59091197574506,1358.3510091924218,57.51601790469091,78.88006088473362,1.0720544960195075,1,1
2026-03-20 09:05:28.160485,CoreBankingApp,Production,241.9924263831286,1167.8361071051681,78.14577269692502,60.68764354109266,1.0741537938228085,1,1
2026-03-20 09:10:28.160485,CoreBankingApp,Production,246.28944577286504,1439.4638982745532,49.75112092083492,60.7474252844512,1.0093627805286962,1,0
2026-03-20 09:15:28.160485,CoreBankingApp,Production,271.73699430801105,1216.8440240767172,50.346611406280836,68.56260655726874,1.1591768518714074,1,0
2026-03-20 09:20:28.160485,CoreBankingApp,Production,303.0402269065818,1173.9742506716584,55.64567945695758,59.433722894567374,0.9191233336036614,1,0
2026-03-20 09:25:28.160485,CoreBankingApp,Production,299.00608030676005,1294.3854504977119,54.00135436546655,61.3047893499873,1.1054849283911645,0,0
2026-03-20 09:30:28.160485,CoreBankingApp,Production,669.7258684514802,1259.6300948721605,66.6975089578684,57.39320511118626,4.433260910061128,6,1
2026-03-20 09:35:28.160485,CoreBankingApp,Production,543.0198070555728,1259.1533374671071,52.08842003219943,57.829839318709176,3.6569416198514313,5,1
2026-03-20 09:40:28.160485,CoreBankingApp,Production,651.7984579465228,964.4236859884687,50.243864620887635,68.99674727334441,4.45413433173091,7,1
2026-03-20 09:45:28.160485,CoreBankingApp,Production,466.5205364634725,1286.26261377335,41.58728121130818,69.69340371344853,5.327554935856472,5,1
2026-03-20 09:50:28.160485,CoreBankingApp,Production,512.4976649424792,1162.1889883313017,54.43654123251923,59.06941869487382,4.732486714308255,6,1
2026-03-20 09:55:28.160485,CoreBankingApp,Production,732.4999066052242,1229.70345921395,72.77599329426184,64.84891679321679,4.9474180738553715,8,1
2026-03-20 10:00:28.160485,CoreBankingApp,Production,538.9288204805988,1299.5856035774304,57.40312665929087,64.96985649072634,3.6207665830767937,5,1
2026-03-20 10:05:28.160485,CoreBankingApp,Production,539.8814185516899,1074.7646276432488,58.37946422346839,57.78361276050358,3.2733281088116932,7,1
2026-03-20 10:10:28.160485,CoreBankingApp,Production,499.4209215562388,1370.46653390106,65.85958166094892,74.08904317916057,6.005636006667668,8,1
2026-03-20 10:15:28.160485,CoreBankingApp,Production,580.2267255947183,1343.7152634088484,73.06272187140891,65.18929797282294,3.536797224841649,6,1
2026-03-20 10:20:28.160485,CoreBankingApp,Production,450.7589555636842,1201.7311552006545,65.39581195703151,64.50650803282622,4.743232522195164,7,1
2026-03-20 10:25:28.160485,CoreBankingApp,Production,557.9109330414665,1184.321701570447,77.89767429723724,62.211582637508904,5.29418996462441,5,1
2026-03-20 10:30:28.160485,CoreBankingApp,Production,276.0652034505638,1181.8332669792794,52.82042567016554,74.74791432025242,1.1014056794505813,2,0
2026-03-20 10:35:28.160485,CoreBankingApp,Production,278.44948301631837,1132.549101269556,63.78395199088284,76.12844678991053,1.4131720613835166,1,0
2026-03-20 10:40:28.160485,CoreBankingApp,Production,341.0950110640341,1257.5317460962178,70.62165914693637,76.48748539718721,1.3399952230576706,0,0
2026-03-20 10:45:28.160485,CoreBankingApp,Production,292.3898260026141,1298.907917345578,57.529946484308994,62.396786153053,0.9691706383622973,0,0
2026-03-20 10:50:28.160485,CoreBankingApp,Production,245.24278844577216,1119.7688267366393,41.65160066128321,57.76128257271743,0.8519158118934905,0,0
2026-03-20 10:55:28.160485,CoreBankingApp,Production,277.5212013800527,1199.5963782912518,40.96995755910574,62.81435825937239,1.1873742130068505,2,0
2026-03-20 11:00:28.160485,CoreBankingApp,Production,252.24909803953074,1138.2325656708704,66.20568587915257,70.47216259242009,1.0327853778314346,3,0
2026-03-20 11:05:28.160485,CoreBankingApp,Production,328.32772523529803,1358.1804826035504,68.1019584461437,65.83020252391448,1.1584851215825456,2,0
2026-03-20 11:10:28.160485,CoreBankingApp,Production,250.39127387670044,1102.125936449485,64.61630119629402,66.60043468445879,1.0696803124154823,4,0
2026-03-20 11:15:28.160485,CoreBankingApp,Production,245.65276918099366,1291.2384405985324,49.82208390720556,61.410888353810456,0.8673406301015882,1,0
2026-03-20 11:20:28.160485,CoreBankingApp,Production,342.7741570385536,1041.9621757054338,70.83381158098678,83.98076324389464,1.1502206417736356,0,0
2026-03-20 11:25:28.160485,CoreBankingApp,Production,285.4625898297053,1190.4015540279,59.59590357704518,72.77423737242486,1.2828902562863522,1,0
2026-03-20 11:30:28.160485,CoreBankingApp,Production,321.49844130263045,1153.22174909744,61.34017068291801,76.20619070365984,1.1091716745713702,1,0
2026-03-20 11:35:28.160485,CoreBankingApp,Production,297.8093804484902,1282.6939213108676,62.506539379908006,72.37100311606129,1.3225660390055751,0,0
2026-03-20 11:40:28.160485,CoreBankingApp,Production,249.80118723224973,1195.2269771188217,50.67571561716952,45.446922647912615,0.8714261671834249,1,0
2026-03-20 11:45:28.160485,CoreBankingApp,Production,356.2437335050854,1091.7833474670333,48.36682465461373,71.41177357197623,4.598131273331384,4,1
2026-03-20 11:50:28.160485,CoreBankingApp,Production,383.43532660448363,1155.4552922460066,64.77375135400142,66.55333167066902,4.302411374608908,5,1
2026-03-20 11:55:28.160485,CoreBankingApp,Production,372.62888801509496,1131.741674456829,73.11251691261337,69.57181531475267,2.3773375257147698,3,1
2026-03-20 12:00:28.160485,CoreBankingApp,Production,377.3060928497017,1156.290507334097,41.16276624029729,59.5096060009254,3.5632869151079936,4,1
2026-03-20 12:05:28.160485,CoreBankingApp,Production,442.4293019339862,1117.8907504113345,67.98112507576937,65.29750361454815,2.6748515393622663,5,1
2026-03-20 12:10:28.160485,CoreBankingApp,Production,441.0803479209245,1190.9535214798175,57.30284939800907,70.63673415392849,3.49002189567053,4,1
2026-03-20 12:15:28.160485,CoreBankingApp,Production,411.7017911360187,1453.4734052784827,49.57448411950062,61.22366602448461,3.0704702683263774,4,1
2026-03-20 12:20:28.160485,CoreBankingApp,Production,439.470147650274,1328.8911332750483,67.8502965774492,72.27173382761987,4.002101331618198,4,1
2026-03-20 12:25:28.160485,CoreBankingApp,Production,432.9528342069766,1218.9681941615856,73.10978378461687,66.26818225169805,2.787337324641392,4,1
2026-03-20 12:30:28.160485,CoreBankingApp,Production,413.3760800922874,1296.6961114376468,69.12143617636184,63.031813434352216,4.079563217370456,3,1
2026-03-20 12:35:28.160485,CoreBankingApp,Production,406.51792903786964,1190.6368053436272,56.88635388713325,66.27615153681631,2.565754952287904,3,1
2026-03-20 12:40:28.160485,CoreBankingApp,Production,430.79888706054805,1318.3485199425936,52.181425610816866,63.76964040304484,3.629003996593309,4,1
2026-03-20 12:45:28.160485,CoreBankingApp,Production,460.070622317923,1123.1985876524159,64.88969777390578,62.83684705928521,3.700176262207747,5,1
2026-03-20 12:50:28.160485,CoreBankingApp,Production,321.11592053936647,1182.7138793249594,69.88262390676749,67.28255749577544,1.7495665436496295,0,0
2026-03-20 12:55:28.160485,CoreBankingApp,Production,214.60665729850888,1062.3314947614404,34.54307764353114,69.41673649877019,1.1159949973269352,2,0
2026-03-20 13:00:28.160485,CoreBankingApp,Production,274.31433399536115,1304.4164937501696,45.82565731099534,73.3664823138409,1.422784492088821,0,0
2026-03-20 13:05:28.160485,CoreBankingApp,Production,316.0585286755304,1305.9422243264464,72.31288238884888,48.20976177447563,0.9801555501245405,1,0
2026-03-20 13:10:28.160485,CoreBankingApp,Production,291.7788548712246,1160.55556963273,68.86021762753208,73.38274800769314,1.1306134992115286,2,0
2026-03-20 13:15:28.160485,CoreBankingApp,Production,291.5472277603413,1258.7674939457224,50.013668219187,73.11930111189572,1.1385941658455052,1,0
2026-03-20 13:20:28.160485,CoreBankingApp,Production,271.01940059994104,1182.004818978087,47.51249341177272,56.62596062868384,1.1145029414470016,0,0
2026-03-20 13:25:28.160485,CoreBankingApp,Production,236.14982253547396,1306.3888409525866,43.503963242390014,58.6441814093399,1.307042698536224,0,0
2026-03-20 13:30:28.160485,CoreBankingApp,Production,250.52928739898184,1314.7506633938601,43.27218999087644,59.988110767838336,1.1703417073626277,2,0
2026-03-20 13:35:28.160485,CoreBankingApp,Production,325.0804112362109,1224.243203277983,63.70174463922774,73.82135391737198,1.2924999329902525,1,0
2026-03-20 13:40:28.160485,CoreBankingApp,Production,301.8143601331088,1182.871895103116,58.99124137961969,62.05048505258157,1.1730568990655796,2,0
2026-03-20 13:45:28.160485,CoreBankingApp,Production,344.95781094219865,1243.2432351620153,64.00769878748606,64.56492617644504,1.2528570199275426,1,0
2026-03-20 13:50:28.160485,CoreBankingApp,Production,282.69198105382213,1263.1951199847658,61.04745721069698,59.684306161250575,1.1258259168590992,1,0
2026-03-20 13:55:28.160485,CoreBankingApp,Production,294.6623276471454,1252.5795513214039,68.21419208789284,69.33994950397349,1.3889418724005396,0,0
2026-03-20 14:00:28.160485,CoreBankingApp,Production,269.98738825036355,1326.925652350382,65.45488388990022,68.40596934585322,1.4317376388055023,1,0
2026-03-20 14:05:28.160485,CoreBankingApp,Production,292.70274972978586,1157.229653373946,39.206120745326416,59.17565958076342,0.8150369592039046,1,0
2026-03-20 14:10:28.160485,CoreBankingApp,Production,291.74245021305484,1303.8754554624688,69.44041104906735,51.557545098116606,1.122840919500693,0,0
2026-03-20 14:15:28.160485,CoreBankingApp,Production,326.4369281825925,1243.965428708739,62.36576345686791,56.41488914836948,1.043732841822274,2,0
2026-03-20 14:20:28.160485,CoreBankingApp,Production,259.7859486634438,1205.401343482547,46.33744217309379,52.59327312373058,1.0864767495174337,1,0
2026-03-20 14:25:28.160485,CoreBankingApp,Production,247.7905269864844,1160.6691677012168,60.483845386326195,62.70712276508608,0.8210720448746499,0,1
2026-03-20 14:30:28.160485,CoreBankingApp,Production,186.11199686274892,1150.4855546929825,49.775044756351726,74.6947216015702,0.7548118752017876,0,1
2026-03-20 14:35:28.160485,CoreBankingApp,Production,215.4719849465097,1141.9483087810847,66.05022529549412,75.27631952639672,1.0558605373253702,0,1
2026-03-20 14:40:28.160485,CoreBankingApp,Production,216.73535162082413,1218.69050887583,59.47078517010323,57.59500942011703,0.8750236561595566,3,1
2026-03-20 14:45:28.160485,CoreBankingApp,Production,204.37661846192574,1117.8505105627264,64.06850289735351,67.75937269922217,0.9817662162432726,0,1
2026-03-20 14:50:28.160485,CoreBankingApp,Production,211.70442411831974,1306.7952527857738,72.83591546544733,71.50870103337577,0.9683700793632865,0,1
2026-03-20 14:55:28.160485,CoreBankingApp,Production,249.62423717247935,1189.049359988698,63.422405557757756,67.07045943429635,0.9476184140862225,2,1
2026-03-20 15:00:28.160485,CoreBankingApp,Production,207.38223458594967,1322.6610800530639,54.24287737513893,62.98595354012382,0.6459595881799762,0,1
2026-03-20 15:05:28.160485,CoreBankingApp,Production,234.21230941087651,1246.7443314689856,64.1131082817067,71.77589132440518,0.7877178013144203,1,1
2026-03-20 15:10:28.160485,CoreBankingApp,Production,262.71587115413104,1313.623975849271,68.36889285573727,63.43002829038124,0.8265778939556272,2,1
2026-03-20 15:15:28.160485,CoreBankingApp,Production,219.12060767235783,1267.2516484145983,60.51129650838992,75.11147750687758,0.8450869045952396,2,1
2026-03-20 15:20:28.160485,CoreBankingApp,Production,273.00780180180755,1119.1709970066909,63.81465719322793,49.906017897935776,0.6942218666027024,3,1
2026-03-20 15:25:28.160485,CoreBankingApp,Production,326.99879849866255,1089.179497930633,50.47958892270395,54.892023795348734,1.1930014963036804,0,0
2026-03-20 15:30:28.160485,CoreBankingApp,Production,270.6720963874683,1188.1264094154774,64.38800249924003,49.466467206614595,1.0662200121208127,2,0
2026-03-20 15:35:28.160485,CoreBankingApp,Production,304.0258093243054,1203.7263194948578,51.39800686220534,58.40272328814983,0.9507334703847958,0,0
2026-03-20 15:40:28.160485,CoreBankingApp,Production,262.94649525613437,1264.5689607076856,70.5569752373332,66.46473509950484,0.949331908916392,4,0
2026-03-20 15:45:28.160485,CoreBankingApp,Production,313.51134920906964,1281.5946665581232,63.21196213171736,68.84451618079949,1.0829686323863852,0,0
2026-03-20 15:50:28.160485,CoreBankingApp,Production,243.95837352926156,1255.6650357044282,60.27199514359344,52.1205896884988,1.2058174423354957,3,0
2026-03-20 15:55:28.160485,CoreBankingApp,Production,335.30641958057845,1243.2325421230892,52.24136285812561,61.813406161344965,1.0358065739422555,1,0
2026-03-20 16:00:28.160485,CoreBankingApp,Production,327.4859567635792,1131.1745198248689,52.381768278103024,66.86273818995008,1.4200030752119797,1,0
2026-03-20 16:05:28.160485,CoreBankingApp,Production,292.11139267999096,1035.8995610949246,49.80576147714221,59.4282647398494,1.1313505283078595,1,0
2026-03-20 16:10:28.160485,CoreBankingApp,Production,306.69741085453046,1174.1113291444688,57.761266765413794,50.255010159909865,0.9905294866660077,3,0
2026-03-20 16:15:28.160485,CoreBankingApp,Production,291.919434316393,1064.4107108499484,63.449046131104275,57.44024032437054,0.952647315195704,0,0
2026-03-20 16:20:28.160485,CoreBankingApp,Production,309.80051791869687,1373.6674660534281,66.35587351387456,63.714399713749835,0.9772579892961964,1,0
2026-03-20 16:25:28.160485,CoreBankingApp,Production,336.5438746362489,1086.7347991128267,85.8367561541003,74.09724923438489,0.9803472059332543,1,0
2026-03-20 16:30:28.160485,CoreBankingApp,Production,232.62733929426494,1154.612227050854,50.41017990295846,70.88676759761844,1.3382946252176688,1,0
2026-03-20 16:35:28.160485,CoreBankingApp,Production,223.7202473782575,977.0946076626122,57.86029554090281,67.36322516387536,0.8962816717669794,0,1
2026-03-20 16:40:28.160485,CoreBankingApp,Production,215.80237187755762,1372.6130116706458,68.72588245928053,75.36429399835234,0.8002252612750906,1,1
2026-03-20 16:45:28.160485,CoreBankingApp,Production,188.5333145025084,1274.8791981271754,52.897351515001596,71.72123675827486,0.9260945492907652,2,1
2026-03-20 16:50:28.160485,CoreBankingApp,Production,177.10302448397803,1117.6421062824147,60.93331657496139,55.275160016989645,0.8846746451550466,1,1
2026-03-20 16:55:28.160485,CoreBankingApp,Production,228.24966083853982,899.5097344574843,51.64085603256625,71.91392113315678,0.7207935251174217,0,1
2026-03-20 17:00:28.160485,CoreBankingApp,Production,219.11961132010967,1023.5848332063437,72.36885253081344,71.25323492531034,0.9294221854552067,3,1
2026-03-20 17:05:28.160485,CoreBankingApp,Production,225.0923797487766,1409.6164099837295,49.07015736185297,70.05924208731183,0.6918509802994185,1,1
2026-03-20 17:10:28.160485,CoreBankingApp,Production,172.52782877352342,1127.6823567716126,31.165747355940105,75.49228576586518,0.7923002141868881,0,1
2026-03-20 17:15:28.160485,CoreBankingApp,Production,207.38464186686272,1036.3807002747667,57.67710598556969,74.37696970625767,0.7122271659518244,3,1
2026-03-20 17:20:28.160485,CoreBankingApp,Production,204.3449699862841,1164.721048458854,72.84402718736763,61.079759538192825,0.6989949572434534,0,1
2026-03-20 17:25:28.160485,CoreBankingApp,Production,254.25860883146984,1147.356522158581,61.15041507982921,71.6531723859367,0.8155855278481723,1,1
2026-03-20 17:30:28.160485,CoreBankingApp,Production,191.85046755176234,1299.3395878096119,54.07358257601464,71.88508148498204,0.8829478934549861,1,1
2026-03-20 17:35:28.160485,CoreBankingApp,Production,301.6634924625398,1215.0616307727762,58.35998237766389,67.8718754509802,1.0861137758278614,3,0
2026-03-20 17:40:28.160485,CoreBankingApp,Production,264.50776587881677,1251.3926687698222,74.78930659058517,54.19211000600833,0.8117390060909617,1,0
2026-03-20 17:45:28.160485,CoreBankingApp,Production,282.47055978376295,1261.3497199753433,53.92909900562288,62.18238008416557,1.070125198647299,3,0
2026-03-20 17:50:28.160485,CoreBankingApp,Production,326.99845015702994,1408.5673565411087,73.61882607243676,61.79155007025715,3.1133334955180416,2,1
2026-03-20 17:55:28.160485,CoreBankingApp,Production,300.5094221980908,1128.7643831122712,52.1742645785976,65.81501008963998,2.2696653709074104,3,1
2026-03-20 18:00:28.160485,CoreBankingApp,Production,526.0533749258122,1063.6179450338095,72.63943718187782,58.63692173286361,7.340781400019639,7,1
2026-03-20 18:05:28.160485,CoreBankingApp,Production,476.713164431461,1066.4031221602613,47.955780948386895,50.87442386419993,9.125070116136278,8,1
2026-03-20 18:10:28.160485,CoreBankingApp,Production,470.3435630264417,1432.0074973785217,64.38992076731824,69.39627067929504,7.645387933338764,9,1
2026-03-20 18:15:28.160485,CoreBankingApp,Production,522.1771569817465,1254.4844405971992,54.4302947529539,66.1873393180704,8.62088630164332,6,1
2026-03-20 18:20:28.160485,CoreBankingApp,Production,458.5469823199123,1182.119596573928,59.264011600074724,64.20010693532646,6.834940652222272,7,1
2026-03-20 18:25:28.160485,CoreBankingApp,Production,723.5111491780269,1438.9111500162644,61.78727966384578,50.71393033672228,15.4808229950664,9,1
2026-03-20 18:30:28.160485,CoreBankingApp,Production,623.43254126366,1137.5757726201873,59.173097131202596,56.755346195179904,23.425350329707864,11,1
2026-03-20 18:35:28.160485,CoreBankingApp,Production,633.2869222819501,1296.3057767404418,63.527288499428,61.42716045814891,21.693727321533743,9,1
2026-03-20 18:40:28.160485,CoreBankingApp,Production,613.6289597908957,1358.114102123473,54.130542327408705,64.9122513638971,17.767590808510324,9,1
2026-03-20 18:45:28.160485,CoreBankingApp,Production,648.8526081998607,1116.9817739489167,53.72684662236021,79.71961664398702,20.9539045195722,10,1
2026-03-20 18:50:28.160485,CoreBankingApp,Production,555.1861107300186,1052.056125681398,63.01179398623776,53.7194104747029,6.654550162280325,9,1
2026-03-20 18:55:28.160485,CoreBankingApp,Production,514.7560612870207,1164.5533845079221,56.691350088598696,57.558631470322744,7.042722827913063,8,1
2026-03-20 19:00:28.160485,CoreBankingApp,Production,375.584761337909,1207.1866083209825,64.9348569815058,78.49781792524318,3.2418765156206915,6,1
2026-03-20 19:05:28.160485,CoreBankingApp,Production,345.61229246356146,1316.5797096443148,45.207351227968914,70.95981565634507,3.2862350894214205,4,1
2026-03-20 19:10:28.160485,CoreBankingApp,Production,340.447862602911,1199.2731029595968,72.16430630749348,86.3786032238739,2.7440696494845906,3,1
2026-03-20 19:15:28.160485,CoreBankingApp,Production,313.16063227937485,1239.834646412967,53.70231856374208,63.22017052337692,3.1759365696718045,5,1
2026-03-20 19:20:28.160485,CoreBankingApp,Production,327.0409332499727,1194.9734232624496,46.584624510179154,61.301535717350944,2.714128872818821,5,1
2026-03-20 19:25:28.160485,CoreBankingApp,Production,278.6086356671891,1182.5919759939495,66.01424861300745,73.30991678213874,1.092543923067711,0,0
2026-03-20 19:30:28.160485,CoreBankingApp,Production,299.17895691915714,1158.5392164968198,46.70396532947503,68.84630214648172,0.8915160363619039,0,0
2026-03-20 19:35:28.160485,CoreBankingApp,Production,297.2614481857996,1186.2810297991427,66.01534396914009,76.73066225260837,1.4450753465034332,1,0
2026-03-20 19:40:28.160485,CoreBankingApp,Production,295.94433065030603,1158.321138102456,80.48050152776045,61.76767422505444,1.0019662108014098,1,0
2026-03-20 19:45:28.160485,CoreBankingApp,Production,251.51243254442352,1183.8646884826544,64.82871476305088,61.70302081448549,0.8705723502573548,0,1
2026-03-20 19:50:28.160485,CoreBankingApp,Production,298.77846020660576,1140.8275941146921,59.833864981030665,56.11453905157141,1.021949801095425,0,1
2026-03-20 19:55:28.160485,CoreBankingApp,Production,279.53636101601694,1159.8463955555487,40.8970732160135,63.83063762300399,1.0326579520172166,1,1
2026-03-20 20:00:28.160485,CoreBankingApp,Production,288.371822365525,1238.4218639596374,63.74737204838395,69.92356169513944,1.0443502995452907,1,1
2026-03-20 20:05:28.160485,CoreBankingApp,Production,219.60150277512656,1265.4730778463245,53.984574838144134,76.21454876837241,1.1451806743157251,2,1
2026-03-20 20:10:28.160485,CoreBankingApp,Production,274.32399629743827,1087.4556972044718,73.81385916197065,70.87354810233413,1.0694976833394654,2,1
2026-03-20 20:15:28.160485,CoreBankingApp,Production,255.99138039487545,1314.0472665810923,49.83428248357829,71.94989252113571,1.062642339833961,0,1
2026-03-20 20:20:28.160485,CoreBankingApp,Production,221.64669961154624,1243.5757381430578,51.94309138804884,70.22750164943042,1.021611763330254,1,1
2026-03-20 20:25:28.160485,CoreBankingApp,Production,304.86702029873425,1162.1200552576827,52.84605002515131,70.89686878836203,0.9431779086469376,1,1
2026-03-20 20:30:28.160485,CoreBankingApp,Production,270.30006676433806,1194.8925244007544,54.01360575066355,66.7922841230716,0.6726293706528685,1,1
2026-03-20 20:35:28.160485,CoreBankingApp,Production,292.0929522957962,1121.8925753644662,63.074147719934274,59.494472539315325,1.1069592025379025,2,1
2026-03-20 20:40:28.160485,CoreBankingApp,Production,228.06392915936001,1255.1364814874573,55.018625533572425,59.44574333779638,0.8942640942586613,1,1
2026-03-20 20:45:28.160485,CoreBankingApp,Production,276.2772028905394,1167.3097748074845,62.37491362438144,63.52103863999169,1.0504093889268074,3,0
2026-03-20 20:50:28.160485,CoreBankingApp,Production,270.4421757997916,1181.8546590180852,73.69983147562657,67.8234616641261,1.4048910610460155,1,0
2026-03-20 20:55:28.160485,CoreBankingApp,Production,347.76276280150967,1197.0853480284393,65.59624693632979,70.94247832420552,1.2941468814703807,0,0
2026-03-20 21:00:28.160485,CoreBankingApp,Production,264.33817448104594,1172.4356350584774,61.00607161525969,65.4389415345295,1.247365029988772,0,0
2026-03-20 21:05:28.160485,CoreBankingApp,Production,211.9740097011547,1093.0060435258204,43.85257239256099,57.060649807324005,0.7981596511387019,0,0
2026-03-20 21:10:28.160485,CoreBankingApp,Production,313.39702779221403,1149.302444887155,54.20274046544734,69.64262847270192,1.010929129929792,0,0
2026-03-20 21:15:28.160485,CoreBankingApp,Production,293.73772030395844,1055.8179197564875,65.78350019217059,65.5461331631727,1.1869820112588712,1,0
2026-03-20 21:20:28.160485,CoreBankingApp,Production,289.37724168948193,1214.9160297897367,60.2127195938319,65.14343030777819,1.1147064754415899,1,0
2026-03-20 21:25:28.160485,CoreBankingApp,Production,299.0977929081122,1227.1482159863892,49.51844442888089,70.25328599040459,1.3475679451874136,2,0
2026-03-20 21:30:28.160485,CoreBankingApp,Production,278.825174331295,1331.363704801926,55.74353038252491,58.30039050805075,1.2743110511843958,1,0
2026-03-20 21:35:28.160485,CoreBankingApp,Production,303.7179293739031,1228.560745085706,53.99367978726539,56.55412875078225,0.8651165384161547,0,0
2026-03-20 21:40:28.160485,CoreBankingApp,Production,295.5221759896276,1280.238181139525,74.63742571865754,64.93724810403911,1.2270287584873079,0,0
2026-03-20 21:45:28.160485,CoreBankingApp,Production,298.74670184830256,1195.9370249353303,60.60984980570026,66.70531177430311,1.4691633929647843,0,0
2026-03-20 21:50:28.160485,CoreBankingApp,Production,285.6003387307776,1286.2312716965303,68.41285673271582,59.913120521515296,0.8888147384209015,0,0
2026-03-20 21:55:28.160485,CoreBankingApp,Production,279.2173553851328,1451.227902992553,50.624117043532145,55.78799106832956,0.9110202709793633,0,0
2026-03-20 22:00:28.160485,CoreBankingApp,Production,335.29405832999703,1322.7055439634416,69.12704170565281,54.85541189129195,0.5564953009786127,2,0
2026-03-20 22:05:28.160485,CoreBankingApp,Production,244.86833505305464,1202.8120723444395,41.74408620830656,67.72827289568973,1.2571297411029798,0,0
2026-03-20 22:10:28.160485,CoreBankingApp,Production,258.0009291684788,1415.1801539692601,61.765730282508216,72.68556604257317,1.3983471429133842,0,0
2026-03-20 22:15:28.160485,CoreBankingApp,Production,285.9459110861871,1323.0656507875487,68.54334780644294,63.29053646310642,1.2933133448232423,1,0
2026-03-20 22:20:28.160485,CoreBankingApp,Production,351.78822215041566,1200.3040607201647,62.20326463138294,62.07632440846628,1.0375485452008055,0,0
2026-03-20 22:25:28.160485,CoreBankingApp,Production,220.0968111743734,1112.1224775247892,53.940199091787576,67.39196238076823,0.9667502634237679,0,0
2026-03-20 22:30:28.160485,CoreBankingApp,Production,340.71227080469674,1325.4139022409624,70.34294945525157,74.37072923669086,1.2536299830182895,1,0
2026-03-20 22:35:28.160485,CoreBankingApp,Production,240.1905336954522,1206.9301298069747,59.23699534389507,69.2840859154812,1.117515836712672,1,0
2026-03-20 22:40:28.160485,CoreBankingApp,Production,329.9480585531216,1301.6225688916018,68.843122409672,54.10799533252794,1.6337762371634055,1,0
2026-03-20 22:45:28.160485,CoreBankingApp,Production,267.4867190723805,1173.2726930698186,53.43070878384114,60.79961990914546,1.3782288557404199,2,0
2026-03-20 22:50:28.160485,CoreBankingApp,Production,294.5071969791042,1182.205848512695,60.540432619568634,66.96227743756734,1.164642722235625,0,0
2026-03-20 22:55:28.160485,CoreBankingApp,Production,297.24399473499477,1081.7700311545645,62.19993219144955,74.02861544285999,1.3809231332037677,1,0
2026-03-20 23:00:28.160485,CoreBankingApp,Production,319.5530247526126,1150.1497430596069,74.0647311745687,54.1985597173357,1.02103197021282,1,0
2026-03-20 23:05:28.160485,CoreBankingApp,Production,261.1997351644327,1128.5728274014405,62.866336126416996,55.75964444527721,1.4115939492816205,1,0
2026-03-20 23:10:28.160485,CoreBankingApp,Production,496.234219190667,1082.2249907825158,49.743767662312365,59.9002949990784,4.234988347119138,5,1
2026-03-20 23:15:28.160485,CoreBankingApp,Production,918.2536856160037,1127.4037403968077,65.8575343091232,69.94423012800605,13.042901506679916,9,1
2026-03-20 23:20:28.160485,CoreBankingApp,Production,877.289083385208,1282.2748090181863,64.3744603035091,72.75267871398394,15.904802715042706,8,1
2026-03-20 23:25:28.160485,CoreBankingApp,Production,823.4756858807353,1004.9452024585587,53.283553127729206,78.97504536367079,11.692637989634939,8,1
2026-03-20 23:30:28.160485,CoreBankingApp,Production,888.5436062202768,1165.591323836026,80.70141296904939,74.12992925515238,14.855989959877856,9,1
2026-03-20 23:35:28.160485,CoreBankingApp,Production,813.3804497641179,1191.7966780947156,51.6130892235633,53.953799643428276,11.877535122345632,9,1
2026-03-20 23:40:28.160485,CoreBankingApp,Production,846.5387469475646,1263.5428909242485,46.215285441895524,71.61934805073861,11.194805045579251,8,1
2026-03-20 23:45:28.160485,CoreBankingApp,Production,1231.1050460193956,1232.6849210168389,67.12739955166427,55.1009094824264,42.56606125958445,11,1
2026-03-20 23:50:28.160485,CoreBankingApp,Production,1427.830910990435,1181.1313108956572,71.49166385131659,61.16012518371821,37.34312461159694,10,1
2026-03-20 23:55:28.160485,CoreBankingApp,Production,1214.6776135117361,1155.0375994308067,60.42123142326351,60.609984427174375,34.31995806976514,11,1
2026-03-21 00:00:28.160485,CoreBankingApp,Production,988.5517281839191,1360.808752632426,60.64227931437513,70.77382012215658,44.6669427941834,11,1
2026-03-21 00:05:28.160485,CoreBankingApp,Production,1079.1223958586133,1141.6162565322766,67.88924609925301,63.91057431238401,50.84997151851618,11,1
2026-03-21 00:10:28.160485,CoreBankingApp,Production,678.5623982389717,1239.8879466912244,71.49536614758478,61.82964845607446,8.658822422631545,7,1
2026-03-21 00:15:28.160485,CoreBankingApp,Production,354.52211640696515,1200.4119963196965,39.07989498773509,61.44038100966247,2.716995867391592,2,1
2026-03-21 00:20:28.160485,CoreBankingApp,Production,448.40026290889955,1179.2500773552501,48.134827117407816,71.80658086590283,3.178910315148686,3,1
2026-03-21 00:25:28.160485,CoreBankingApp,Production,421.9273652808121,1045.3785598501563,70.68148779128137,74.59654140839878,3.314529536531104,2,1
2026-03-21 00:30:28.160485,CoreBankingApp,Production,443.1185236490307,1194.5247813719993,63.58410692645124,68.27421274857868,2.4635757649432173,2,1
2026-03-21 00:35:28.160485,CoreBankingApp,Production,577.328562713871,1370.1646918115086,56.76137800922433,60.198987548206524,9.11733389938509,6,1
2026-03-21 00:40:28.160485,CoreBankingApp,Production,565.4455130607005,1265.5951274120976,62.36074094481154,59.96048886039079,9.922114347434325,6,1
2026-03-21 00:45:28.160485,CoreBankingApp,Production,524.8582709170109,1296.5292402459716,62.165280419401974,72.6756540319885,3.857810456020784,7,1
2026-03-21 00:50:28.160485,CoreBankingApp,Production,440.20030528107594,1046.813917041966,67.58739486055609,77.77544509891148,3.5306562141004725,5,1
2026-03-21 00:55:28.160485,CoreBankingApp,Production,397.5824842178559,1185.3134939542342,61.11143928653615,68.54819247442968,2.909731392898586,7,1
2026-03-21 01:00:28.160485,CoreBankingApp,Production,464.35151583006325,1308.7494472837068,52.075845194640124,63.26114890941309,4.3718049890294415,5,1
2026-03-21 01:05:28.160485,CoreBankingApp,Production,366.4834183702936,1140.083872930284,37.41836611847236,66.14151575136162,3.356142319286017,6,1
2026-03-21 01:10:28.160485,CoreBankingApp,Production,421.04796861772786,1328.3324903558635,59.82539868705873,66.51418780091838,3.311091964886995,8,1
2026-03-21 01:15:28.160485,CoreBankingApp,Production,421.978519360868,1233.369756377695,63.042073103289965,71.57583529897758,3.0422901744380533,4,1
2026-03-21 01:20:28.160485,CoreBankingApp,Production,397.7904039229899,1261.7749524032613,57.767743558216196,54.81399056033911,2.4925657459187502,5,1
2026-03-21 01:25:28.160485,CoreBankingApp,Production,416.0023102584075,1036.7046793162833,52.838287161184496,69.57797531311152,2.6613625123333606,6,1
2026-03-21 01:30:28.160485,CoreBankingApp,Production,490.49977796803097,1180.0703205315106,62.27376297980779,55.86092439131351,3.2682229356268584,5,1
2026-03-21 01:35:28.160485,CoreBankingApp,Production,212.51145155015217,1108.7475267656482,49.19684424337548,63.49606130723359,1.2981545582492156,4,0
2026-03-21 01:40:28.160485,CoreBankingApp,Production,301.283971542489,1278.4849934238255,60.33173396680669,64.13625090179283,1.2021283811879875,1,0
2026-03-21 01:45:28.160485,CoreBankingApp,Production,310.9949516839773,1182.0486335646274,73.53172050341446,74.16180546554821,1.3535284711370483,1,0
2026-03-21 01:50:28.160485,CoreBankingApp,Production,297.9036382516796,1240.0277416758445,69.29807801438774,59.65760633688541,1.0544863115698369,1,0
2026-03-21 01:55:28.160485,CoreBankingApp,Production,319.3759538483059,1152.367119221526,70.0105109680622,65.00066802593071,1.2101076259466796,0,0
2026-03-21 02:00:28.160485,CoreBankingApp,Production,292.90459012855183,1099.9355115638675,64.52092071361486,62.09842474036808,0.9827598480298809,1,0
2026-03-21 02:05:28.160485,CoreBankingApp,Production,232.04671733070683,1198.03848708761,69.78220670662236,64.40218508195102,1.522263945431074,2,0
2026-03-21 02:10:28.160485,CoreBankingApp,Production,246.38197713483893,1359.834154895645,62.259542665457005,62.578358025121226,1.2863615917695301,2,0
2026-03-21 02:15:28.160485,CoreBankingApp,Production,460.12425315697584,1030.1671710787743,62.7823649323671,68.37686635894192,5.290499871048813,4,1
2026-03-21 02:20:28.160485,CoreBankingApp,Production,367.826778987845,1306.2764594612092,51.54215864434667,61.73772843777641,2.515301515559243,3,1
2026-03-21 02:25:28.160485,CoreBankingApp,Production,430.097985743416,1049.1918930938107,54.203258922112255,61.12845767726885,3.5245408767412743,3,1
2026-03-21 02:30:28.160485,CoreBankingApp,Production,371.4226673320299,1225.0723874342075,55.03131995660664,52.23084838592676,3.452337985673807,5,1
2026-03-21 02:35:28.160485,CoreBankingApp,Production,447.35085619772235,1200.8474777177041,70.47540296455927,56.683019411955485,4.066561158037648,3,1
2026-03-21 02:40:28.160485,CoreBankingApp,Production,460.4152047539865,1107.6805116108412,61.44353314166886,69.76786851953403,3.2098091685904744,3,1
2026-03-21 02:45:28.160485,CoreBankingApp,Production,535.1367312707202,1320.5010117177408,54.96607486110938,72.85176609924608,11.218753685454766,8,1
2026-03-21 02:50:28.160485,CoreBankingApp,Production,671.800141791658,1361.0622756696114,54.25459524945505,62.00500910731298,12.426841701999436,7,1
2026-03-21 02:55:28.160485,CoreBankingApp,Production,604.8472455969359,1235.7480956524187,57.96764392081231,69.8271577751314,7.3329202076388285,6,1
2026-03-21 03:00:28.160485,CoreBankingApp,Production,689.502171435822,1295.5126370642377,49.90658943967192,67.4576052274858,14.995103861491058,6,1
2026-03-21 03:05:28.160485,CoreBankingApp,Production,654.8981582657631,1236.4493506999709,55.54225073423464,68.74124916776489,7.941207629252321,7,1
2026-03-21 03:10:28.160485,CoreBankingApp,Production,626.3308249163813,1196.2432225356386,74.46283929858129,64.02028783979605,10.080567360394431,7,1
2026-03-21 03:15:28.160485,CoreBankingApp,Production,416.5196020633116,1139.7295870970086,43.73853583707298,52.84581688060659,2.662051391781178,3,1
2026-03-21 03:20:28.160485,CoreBankingApp,Production,429.80145832669626,1145.1225247436657,54.29689114601195,64.3089639861188,3.4989148274624577,4,1
2026-03-21 03:25:28.160485,CoreBankingApp,Production,437.56955212135745,1211.0454330403104,61.6859110743503,54.6155328114796,3.2320198242481437,3,1
2026-03-21 03:30:28.160485,CoreBankingApp,Production,374.401347285811,1234.0278563596362,54.35439253489789,58.83340177614801,4.414409846876876,4,1
2026-03-21 03:35:28.160485,CoreBankingApp,Production,365.7841016940705,1018.5839344493012,59.276669526842696,66.50131820192357,3.4252795274450114,4,1
2026-03-21 03:40:28.160485,CoreBankingApp,Production,515.5357467345873,1266.7529648405105,61.218476039401565,75.02315654228657,3.611852840820947,5,1
2026-03-21 03:45:28.160485,CoreBankingApp,Production,255.093999044057,1225.3633719649729,46.9366336191411,65.76780974728503,1.4721162344859282,1,0
2026-03-21 03:50:28.160485,CoreBankingApp,Production,315.329548247563,1320.0758930428888,63.724057688286535,61.072310918671405,0.9528793984173285,1,0
2026-03-21 03:55:28.160485,CoreBankingApp,Production,329.9889631308823,1038.5335803143378,61.236971124357375,83.10748223423937,1.265406517907897,0,0
2026-03-21 04:00:28.160485,CoreBankingApp,Production,346.2104366203382,1173.6183489738735,59.04280326089787,55.016069584537384,1.0878709755064273,0,0
2026-03-21 04:05:28.160485,CoreBankingApp,Production,280.97137613754364,1200.4819405205276,50.39842408990732,73.18268252914895,1.1153615045574485,1,0
2026-03-21 04:10:28.160485,CoreBankingApp,Production,313.74783876852075,1073.1836136484328,69.85231010208261,61.91116197176568,1.0992999796035405,0,0
2026-03-21 04:15:28.160485,CoreBankingApp,Production,299.0822869511479,1111.9583366362356,64.05357838083857,62.817978839297474,1.1400162499455697,0,0
2026-03-21 04:20:28.160485,CoreBankingApp,Production,279.391147668279,1141.2783285038565,68.36463034226443,74.42723106820489,0.9417841581766005,1,0
2026-03-21 04:25:28.160485,CoreBankingApp,Production,286.43981845935957,1188.1364291574453,50.93090768436268,71.75606925162417,1.4095835187605594,0,0
2026-03-21 04:30:28.160485,CoreBankingApp,Production,293.09717271982424,1279.3389914903582,57.00148990590001,53.76271267267132,1.0164848129965451,1,0
2026-03-21 04:35:28.160485,CoreBankingApp,Production,299.57172185048404,1297.0047529442427,67.92589295148868,67.03214814050258,1.8306434472548747,2,0
2026-03-21 04:40:28.160485,CoreBankingApp,Production,307.83753661043426,1212.3039630187634,71.51561845693149,52.58484095564951,0.7819608493844554,0,0
2026-03-21 04:45:28.160485,CoreBankingApp,Production,298.4966036748115,1307.6285187265976,54.72448897689731,53.65174625121065,0.8739560069616207,3,0
2026-03-21 04:50:28.160485,CoreBankingApp,Production,288.20795976139317,1155.384514374859,45.03895629196544,57.84236219792713,1.299848829452496,1,0
2026-03-21 04:55:28.160485,CoreBankingApp,Production,290.8564475222218,1228.3165202608145,57.41080312894192,73.42094837906501,1.1741746073661856,0,0
2026-03-21 05:00:28.160485,CoreBankingApp,Production,296.0190759890106,1122.3385184146568,62.08918261248758,55.64540200978969,0.7802329714752771,2,0
2026-03-21 05:05:28.160485,CoreBankingApp,Production,345.0733562893291,1123.0781475492108,74.70525144502251,72.3957272228066,0.8136264965487153,0,0
2026-03-21 05:10:28.160485,CoreBankingApp,Production,290.5084083108587,1222.6031488942472,55.1752736663643,62.727302083890336,1.2201035016500148,1,0
2026-03-21 05:15:28.160485,CoreBankingApp,Production,280.48829099291464,1228.6717971240164,52.81734767608163,69.68767787036514,1.2441214924211201,1,0
2026-03-21 05:20:28.160485,CoreBankingApp,Production,296.70443542046326,1250.778151958939,63.00643457631041,65.63643526796552,1.0698977285762907,1,0
2026-03-21 05:25:28.160485,CoreBankingApp,Production,312.60427467467,1054.9899246189816,54.02583681820084,71.63626497790192,1.1335608090638183,1,0
2026-03-21 05:30:28.160485,CoreBankingApp,Production,312.289463947679,1108.896838221313,59.34295060393004,76.37897354039507,1.2043157302819583,0,0
2026-03-21 05:35:28.160485,CoreBankingApp,Production,324.7276883474391,1081.0029785794727,71.83905563164609,70.90230063227307,1.1074514770111779,1,0
2026-03-21 05:40:28.160485,CoreBankingApp,Production,317.3682423226436,1319.633147360895,75.79291351558267,51.231552434416585,1.3636147760810915,0,0
2026-03-21 05:45:28.160485,CoreBankingApp,Production,267.0191374939359,1142.928777667273,45.2703156129687,65.55246935408768,1.2285521362381906,0,0
2026-03-21 05:50:28.160485,CoreBankingApp,Production,566.3812614035274,1217.7814540075917,65.77870943171763,56.261987590063235,4.2119174293115345,7,1
2026-03-21 05:55:28.160485,CoreBankingApp,Production,417.52664432349945,1152.4538771181358,63.053016993970544,62.31921390962925,2.8807071325598494,5,1
2026-03-21 06:00:28.160485,CoreBankingApp,Production,452.01605554348845,1146.8701348919092,63.13520107217748,73.17576970659943,3.462882528264746,6,1
2026-03-21 06:05:28.160485,CoreBankingApp,Production,502.5593011506242,1332.313666641694,69.92409198494312,57.83109058398758,3.8254131727828056,5,1
2026-03-21 06:10:28.160485,CoreBankingApp,Production,390.45300015500436,1170.7367663120172,55.37619570622069,59.7577061940322,3.3740063125571864,6,1
2026-03-21 06:15:28.160485,CoreBankingApp,Production,471.1703466369085,1161.6802303188363,61.10912408004319,56.5274739630223,3.05835998412113,6,1
2026-03-21 06:20:28.160485,CoreBankingApp,Production,391.0879759480023,1168.1851783007412,58.13606448281409,69.7026580141563,3.9912385093596323,7,1
2026-03-21 06:25:28.160485,CoreBankingApp,Production,297.71043565136694,1181.4084527587156,54.976189652029475,72.47805537057825,2.7964164481511693,5,1
2026-03-21 06:30:28.160485,CoreBankingApp,Production,679.35104331612,1123.1355533076096,48.77362732520279,69.54574078133709,10.817448745298252,11,1
2026-03-21 06:35:28.160485,CoreBankingApp,Production,672.2296281612605,1131.6196959363724,48.56942095426646,60.997691787350824,11.649051983100636,11,1
2026-03-21 06:40:28.160485,CoreBankingApp,Production,690.5459162627973,1099.4724274539865,73.95017479166481,65.49171872806517,8.258230271426855,13,1
2026-03-21 06:45:28.160485,CoreBankingApp,Production,563.5910677037441,1321.0084741422252,51.99837562214483,59.198778570664224,11.469934986760048,10,1
2026-03-21 06:50:28.160485,CoreBankingApp,Production,557.0349093939841,1156.5232027589934,66.93208631654687,65.18830153567082,16.90420849999416,10,1
2026-03-21 06:55:28.160485,CoreBankingApp,Production,247.44434725520685,1303.1698304064264,76.0916866850124,77.34397537298237,6.431637569532921,5,1
2026-03-21 07:00:28.160485,CoreBankingApp,Production,346.2810853365381,1168.0441805837402,66.67665859009227,60.500068281314256,4.97260349673085,5,1
2026-03-21 07:05:28.160485,CoreBankingApp,Production,323.0402694761571,1196.4240272416964,47.62443343030524,74.99757072997609,4.554051570747994,7,1
2026-03-21 07:10:28.160485,CoreBankingApp,Production,323.30354747434825,1310.7664947947537,55.069995558476776,75.04522230260325,6.65512534717817,7,1
2026-03-21 07:15:28.160485,CoreBankingApp,Production,363.3301524906109,1146.0249056257155,54.17633134835818,67.94044658042031,4.88047023855174,6,1
2026-03-21 07:20:28.160485,CoreBankingApp,Production,384.17455387660584,1465.250862211514,62.92627414757915,72.52517244995664,6.542360313953396,5,1
2026-03-21 07:25:28.160485,CoreBankingApp,Production,294.80386650720726,1229.7304783014126,59.38574497100241,49.597466335321144,6.226261068675213,5,1
2026-03-21 07:30:28.160485,CoreBankingApp,Production,153.55083447314053,1311.5090817400746,33.840299871701646,76.28352646275493,2.253659993133469,0,1
2026-03-21 07:35:28.160485,CoreBankingApp,Production,250.59657527250965,1250.9442289235978,65.88190194211603,79.73361530022132,2.173507890565925,1,1
2026-03-21 07:40:28.160485,CoreBankingApp,Production,275.66737649054335,1178.6116133264684,65.13755774672933,63.20370049808433,1.7360026077998203,0,1
2026-03-21 07:45:28.160485,CoreBankingApp,Production,241.7067283904695,1311.7627246963102,48.15014343916795,64.47976729432783,1.107483623756238,1,0
2026-03-21 07:50:28.160485,CoreBankingApp,Production,298.48320617283105,1199.007855310129,59.84068548314003,73.91821530859751,1.1325473237287609,0,0
2026-03-21 07:55:28.160485,CoreBankingApp,Production,299.0898820770826,1188.1911785663654,75.84312419357734,53.1506665402342,1.1468445304652826,0,0
2026-03-21 08:00:28.160485,CoreBankingApp,Production,284.7603218446337,1171.860221341014,59.975231141387965,61.34803322200201,1.1477052580235108,1,0
2026-03-21 08:05:28.160485,CoreBankingApp,Production,305.6426865780503,1135.320065231418,45.29635522600215,59.38978523005686,0.9138403762854344,0,0
2026-03-21 08:10:28.160485,CoreBankingApp,Production,357.1109232640317,1172.9926140131442,74.76307931688142,81.57979617089268,1.1785637286866655,1,0
2026-03-21 08:15:28.160485,CoreBankingApp,Production,374.29876301276005,1234.232926497054,67.87506265853338,67.18305101720686,1.1568303552143964,1,0
2026-03-21 08:20:28.160485,CoreBankingApp,Production,251.29148625361245,1376.8303398469448,54.69332308198495,54.92827181182908,1.1622776299774338,3,0
2026-03-21 08:25:28.160485,CoreBankingApp,Production,321.57641247170307,1153.5828500678783,50.52407009344297,66.04903401838435,1.0345991538456853,0,0
2026-03-21 08:30:28.160485,CoreBankingApp,Production,317.48116498251807,972.7194755093194,75.52940576217507,57.7590883047302,0.8795185313782757,1,0
2026-03-21 08:35:28.160485,CoreBankingApp,Production,336.97980914701355,1134.4295219656813,60.783842545954826,59.182337317479686,1.0454304557036043,0,0
2026-03-21 08:40:28.160485,CoreBankingApp,Production,331.15060120090016,1325.6844419552442,77.04319847093397,62.83082453822819,0.6710561516938763,2,0
2026-03-21 08:45:28.160485,CoreBankingApp,Production,321.36436357877517,1152.1641749299488,62.30953567094143,70.50722065023014,1.0326892005790151,3,0
2026-03-21 08:50:28.160485,CoreBankingApp,Production,326.51930777995096,1246.5907561476374,56.737306978300694,59.894718501341174,0.8737503160334291,1,0
2026-03-21 08:55:28.160485,CoreBankingApp,Production,284.6956465481625,1218.0260078722454,63.159102414298744,67.91586781587122,1.409122483308762,0,0
2026-03-21 09:00:28.160485,CoreBankingApp,Production,301.1480499141446,1168.171272465281,67.24559726804216,66.39231651601884,1.3832648380044124,0,0
2026-03-21 09:05:28.160485,CoreBankingApp,Production,317.2457800593951,1222.3737879553019,57.25179744517408,59.84467532084823,1.2176663239822956,2,0
2026-03-21 09:10:28.160485,CoreBankingApp,Production,249.6413775471812,1212.2162095635222,68.63068696001866,59.29676232144396,1.025486254210946,0,0
2026-03-21 09:15:28.160485,CoreBankingApp,Production,281.59055755568073,1026.1665305016636,54.73445540402883,76.32645881877684,1.319984584298703,2,0
2026-03-21 09:20:28.160485,CoreBankingApp,Production,292.7428013907736,1308.1704533982881,68.90770915181021,75.01704595532021,1.0916997394180377,1,0
2026-03-21 09:25:28.160485,CoreBankingApp,Production,282.3863128507021,1138.6502749879937,49.1429469146484,67.8136145968235,1.0327119936114582,2,0
2026-03-21 09:30:28.160485,CoreBankingApp,Production,297.2106318638189,1065.7201930971223,56.435247292467636,75.11084745380896,1.3887725644184894,0,0
2026-03-21 09:35:28.160485,CoreBankingApp,Production,295.15112704831483,1190.247699246246,57.50594843228325,66.58844844416515,1.0079399910721867,1,0
2026-03-21 09:40:28.160485,CoreBankingApp,Production,318.00461156426024,1335.2633386792074,60.21698362971435,52.44424341196911,1.8471274896127,4,1
2026-03-21 09:45:28.160485,CoreBankingApp,Production,279.0627473804145,1283.495909493544,42.70628890335038,61.64378450073934,2.497960221013513,3,1
2026-03-21 09:50:28.160485,CoreBankingApp,Production,350.8344694367394,1264.8863237430573,71.01631000358286,66.73896409880825,3.103907695485084,4,1
2026-03-21 09:55:28.160485,CoreBankingApp,Production,289.3855389138112,1351.6401478768037,41.09203269078837,65.08525962287578,2.2574682571812876,3,1
2026-03-21 10:00:28.160485,CoreBankingApp,Production,371.21391106577136,1128.7629998218038,68.44225154212113,74.95021909044662,2.8829637256344696,2,1
2026-03-21 10:05:28.160485,CoreBankingApp,Production,269.33826169748056,1085.7777188703435,61.707654210635894,46.542746113205624,2.6562718730341923,2,1
2026-03-21 10:10:28.160485,CoreBankingApp,Production,284.2101681796914,1109.028911221994,57.38248727170438,60.97310061739976,1.8506174201824668,2,1
2026-03-21 10:15:28.160485,CoreBankingApp,Production,315.8300460885806,1177.5450079747293,64.78814552887643,72.18510977897641,2.3764852094143363,2,1
2026-03-21 10:20:28.160485,CoreBankingApp,Production,375.3955424460068,1249.1888210036198,86.21277219995437,51.63454403676368,1.4231250916085492,5,1
2026-03-21 10:25:28.160485,CoreBankingApp,Production,261.2610017606871,1262.4400855152812,52.946698593058,62.95718249697818,3.1811967879752205,2,1
2026-03-21 10:30:28.160485,CoreBankingApp,Production,367.580267853631,1108.6421187383503,58.506713624329194,70.24050037510752,2.4245830149466223,2,1
2026-03-21 10:35:28.160485,CoreBankingApp,Production,297.14646504937485,1191.3684995729934,69.47279196983287,55.01440957902901,2.6755006274449427,2,1
2026-03-21 10:40:28.160485,CoreBankingApp,Production,381.14186465274366,1031.8257369824819,63.72842426826402,53.23830738276507,2.87275591524208,3,1
2026-03-21 10:45:28.160485,CoreBankingApp,Production,260.60856046939364,1070.55269781172,77.69799177134435,68.94771009821615,1.1491030913856457,0,0
2026-03-21 10:50:28.160485,CoreBankingApp,Production,259.72662275071707,1152.5657739508868,52.82771632127979,61.363114711033376,1.5116281066849102,0,0
2026-03-21 10:55:28.160485,CoreBankingApp,Production,265.03633045698575,1018.5345520761437,73.27982340632354,67.20921828680117,1.3148778200295919,1,0
2026-03-21 11:00:28.160485,CoreBankingApp,Production,260.4878929592338,1386.393774468796,60.06586065587831,63.3154213841789,0.8512897829693177,2,0
2026-03-21 11:05:28.160485,CoreBankingApp,Production,261.11136929477885,1165.7774458821127,38.624398269443525,77.63650985961036,1.3150674875131585,0,0
2026-03-21 11:10:28.160485,CoreBankingApp,Production,277.23354166193303,1137.636192061762,68.48524364475851,80.62643960697065,1.4471890883841416,1,0
2026-03-21 11:15:28.160485,CoreBankingApp,Production,317.39163306254625,1173.150686289718,50.445401662002325,70.91773319901776,1.5218004963485683,1,0
2026-03-21 11:20:28.160485,CoreBankingApp,Production,303.5345163431988,1218.2861315801313,59.85826851768323,63.49912232183457,0.9521066326914429,1,0
2026-03-21 11:25:28.160485,CoreBankingApp,Production,338.32063187246155,1276.9218200868604,69.88334754530982,73.08128665510496,1.4003980992008334,1,0
2026-03-21 11:30:28.160485,CoreBankingApp,Production,287.0725495105423,1111.153793175806,64.72843293067734,60.606317346622596,0.808458039949441,1,0
2026-03-21 11:35:28.160485,CoreBankingApp,Production,279.957376542121,1195.425218411845,65.33368267352567,55.752681556990225,0.9083386295276926,0,0
2026-03-21 11:40:28.160485,CoreBankingApp,Production,467.0599672502796,1098.760707352775,53.498029421418025,72.06019461047151,3.2115424266498565,5,1
2026-03-21 11:45:28.160485,CoreBankingApp,Production,451.9421551678028,1114.0926099735127,61.56541077100456,71.1089729191507,4.259604301978779,7,1
2026-03-21 11:50:28.160485,CoreBankingApp,Production,458.77086254906095,1127.2535532958925,73.6885213750475,61.066869803935056,3.4137409658260003,4,1
2026-03-21 11:55:28.160485,CoreBankingApp,Production,395.3685245168083,1245.5161206307757,64.49900062170015,58.997096127607676,3.1087185817316176,6,1
2026-03-21 12:00:28.160485,CoreBankingApp,Production,546.4484314937803,1140.6578466140681,74.82736761978052,69.42330513384941,5.3443201922674035,4,1
2026-03-21 12:05:28.160485,CoreBankingApp,Production,471.6470186441483,1090.004538258947,52.103785218701645,63.620714115271085,5.275911415984359,5,1
2026-03-21 12:10:28.160485,CoreBankingApp,Production,502.1120688890721,1166.0937680765433,55.017416002170286,67.10210057587202,3.2352051241978104,6,1
2026-03-21 12:15:28.160485,CoreBankingApp,Production,489.21586518132005,1158.0112147906727,66.20538734492946,73.02445857148413,4.343920707823499,4,1
2026-03-21 12:20:28.160485,CoreBankingApp,Production,547.6708163606455,1203.0645762222753,54.439738578247464,58.09058404395089,3.578840824541139,7,1
2026-03-21 12:25:28.160485,CoreBankingApp,Production,537.6670267736886,1070.329307531569,58.353815399695584,65.82064946141395,3.535570845895886,6,1
2026-03-21 12:30:28.160485,CoreBankingApp,Production,496.521903526778,1148.4824328536924,76.05212796988202,72.25579005176125,3.717425334722557,5,1
2026-03-21 12:35:28.160485,CoreBankingApp,Production,556.4735370578686,1299.3081272379457,65.05806697308924,56.035281998511664,3.648076836475137,4,1
2026-03-21 12:40:28.160485,CoreBankingApp,Production,485.1286219126171,1272.818508816947,68.80641099888331,54.0986995303131,3.5747050066631907,4,1
2026-03-21 12:45:28.160485,CoreBankingApp,Production,341.0105942834905,1181.2217341263706,67.56383607175309,56.704926970340225,1.0931954234944705,4,0
2026-03-21 12:50:28.160485,CoreBankingApp,Production,206.31809289975865,1221.0730634484644,48.671597866323054,69.65583934602313,0.7809886810876315,2,1
2026-03-21 12:55:28.160485,CoreBankingApp,Production,227.72927066241405,1359.1724465513798,69.04017023996707,54.89216238033097,0.7290823957103926,4,1
2026-03-21 13:00:28.160485,CoreBankingApp,Production,226.77493655968482,1027.8373480384757,60.46045237860954,69.28678384866188,0.9641861374404809,1,1
2026-03-21 13:05:28.160485,CoreBankingApp,Production,332.1889442305124,1298.817917270976,65.6955637134164,59.62101481189745,2.9160506131095563,4,1
2026-03-21 13:10:28.160485,CoreBankingApp,Production,274.2548348013268,1184.7251668119693,45.23821717209397,66.50511730308666,3.02694892824597,3,1
2026-03-21 13:15:28.160485,CoreBankingApp,Production,423.8894178341938,1460.8415412610598,71.25442246207328,61.29880719010053,3.064185846416289,6,1
2026-03-21 13:20:28.160485,CoreBankingApp,Production,359.3333171178466,1290.0591698878975,48.18272940672716,58.15426794219644,2.865315384266654,3,1
2026-03-21 13:25:28.160485,CoreBankingApp,Production,374.82649615690326,1202.6735155507145,43.3313326543864,55.473699556126185,2.5014194812604162,7,1
2026-03-21 13:30:28.160485,CoreBankingApp,Production,358.09073246534365,1185.95773119609,63.181098840179,75.0354448860839,2.2943230357776403,6,1
2026-03-21 13:35:28.160485,CoreBankingApp,Production,359.62894632190864,1155.455057063922,77.29868285191,55.93736066777939,2.8053431347100424,5,1
2026-03-21 13:40:28.160485,CoreBankingApp,Production,442.1848190830546,1228.6745386598873,70.46506572917896,73.99804441395966,3.115849494851939,3,1
2026-03-21 13:45:28.160485,CoreBankingApp,Production,344.43621053049867,1181.8628991319342,63.34513159181433,62.99599139396165,2.5776240497423646,4,1
2026-03-21 13:50:28.160485,CoreBankingApp,Production,399.18662306465063,1137.4289335463116,56.56429171503015,76.07960470537748,2.8080010040545975,4,1
2026-03-21 13:55:28.160485,CoreBankingApp,Production,386.1535329108551,1104.1225582358738,62.42681384432838,70.46112008793472,2.2626195874502035,3,1
2026-03-21 14:00:28.160485,CoreBankingApp,Production,393.2088086270174,1263.177848664823,67.52325983683738,60.22671464052951,6.987700904083687,6,1
2026-03-21 14:05:28.160485,CoreBankingApp,Production,250.2655214339412,1077.3770190627567,55.90907584181755,72.14302231373824,2.415311041979363,1,1
2026-03-21 14:10:28.160485,CoreBankingApp,Production,287.03494561517005,1118.6427736858504,59.85530668878595,62.04413807869079,2.9517745701560694,3,1
2026-03-21 14:15:28.160485,CoreBankingApp,Production,279.97280835422674,1142.240904499826,78.83974037200034,64.55170580585185,1.8120149436635598,0,1
2026-03-21 14:20:28.160485,CoreBankingApp,Production,296.8557077745048,1112.285641627893,77.12233351445605,55.305583880610065,3.2720756997731844,1,1
2026-03-21 14:25:28.160485,CoreBankingApp,Production,254.404148080583,1153.434498808035,69.02486790167367,71.39534196723972,2.8200030312502133,1,1
2026-03-21 14:30:28.160485,CoreBankingApp,Production,290.4081469375998,1105.8751235212246,51.8552564353983,61.552897556967366,2.33934256150539,1,1
2026-03-21 14:35:28.160485,CoreBankingApp,Production,272.39965842529784,992.4585141735148,66.10992253723762,62.488273072677956,1.9443417485663663,0,1
2026-03-21 14:40:28.160485,CoreBankingApp,Production,306.75293509035197,1246.9250947172816,71.62154072500027,73.89391515376374,2.5407844951622462,1,1
2026-03-21 14:45:28.160485,CoreBankingApp,Production,305.502959274785,1180.6174391787451,73.42100369023862,68.59681696074402,1.7406971133812514,3,1
2026-03-21 14:50:28.160485,CoreBankingApp,Production,291.00129090582783,1030.6225107271555,63.40161585122357,52.022065181880365,2.70942072716836,0,1
2026-03-21 14:55:28.160485,CoreBankingApp,Production,269.71907966612014,1179.3131957543158,59.30388302782398,65.4905600059025,1.9917902169814252,1,1
2026-03-21 15:00:28.160485,CoreBankingApp,Production,290.8716415007853,1282.787799622445,70.71994975125321,67.87744960364181,2.552631501750651,0,1
2026-03-21 15:05:28.160485,CoreBankingApp,Production,323.73267904406646,1095.4100553564417,54.215588715661724,67.562125986536,1.113260391860055,1,0
2026-03-21 15:10:28.160485,CoreBankingApp,Production,252.3684523019687,1255.0993540954942,57.82150148242506,81.55976085784428,1.3278385751336448,0,0
2026-03-21 15:15:28.160485,CoreBankingApp,Production,254.07404319986261,1256.8802377529244,50.49073081586519,69.81758891563781,1.0923250099587773,1,0
2026-03-21 15:20:28.160485,CoreBankingApp,Production,309.74153001046625,1354.310325060436,54.34395764844221,74.62461068561869,1.0911841548764114,0,0
2026-03-21 15:25:28.160485,CoreBankingApp,Production,293.5681060957529,1087.0125270668123,66.13563545292357,70.1296491949258,1.2269089775267326,0,0
2026-03-21 15:30:28.160485,CoreBankingApp,Production,325.4341999891051,1235.4256417337174,77.36866859165355,57.806512060844796,0.9862569650625546,0,0
2026-03-21 15:35:28.160485,CoreBankingApp,Production,330.5686525303381,1135.7383038782054,69.04931563685648,57.756844845002455,1.4112015501383504,0,0
2026-03-21 15:40:28.160485,CoreBankingApp,Production,328.9798204768273,1116.209987617073,63.202494967555275,61.69244052908707,1.296015633153231,0,0
2026-03-21 15:45:28.160485,CoreBankingApp,Production,257.7394908587269,1198.5951749228193,51.65044356008471,61.61547499381239,0.9643094332935941,2,0
2026-03-21 15:50:28.160485,CoreBankingApp,Production,300.1670190911964,1235.5220787678356,48.1793745808147,67.10120544095845,1.2060489086136896,2,0
2026-03-21 15:55:28.160485,CoreBankingApp,Production,302.43210088539877,1170.1881023063318,69.0759177864174,49.91937816191411,0.9562623940028288,2,0
2026-03-21 16:00:28.160485,CoreBankingApp,Production,284.8654124517727,1318.6856541631441,60.837247585066336,76.11925109678543,1.4623126631102346,2,0
2026-03-21 16:05:28.160485,CoreBankingApp,Production,344.1317223208037,1280.3758165178215,72.31749049708867,65.61481370563862,1.0163688020527113,1,0
2026-03-21 16:10:28.160485,CoreBankingApp,Production,314.7747273660903,1434.1349268425702,50.17774643701819,68.16327827274354,1.3998024639528017,0,0
2026-03-21 16:15:28.160485,CoreBankingApp,Production,279.2578495669305,1316.4107506705227,46.378572491974225,67.90416103504668,1.200672409675863,2,0
2026-03-21 16:20:28.160485,CoreBankingApp,Production,303.6486363969683,1271.7133807914324,54.93373069809175,53.28154744619763,2.565479274146685,2,1
2026-03-21 16:25:28.160485,CoreBankingApp,Production,340.9335267797287,1309.4221857220264,57.94993391274536,64.07896035462097,2.435486742928955,0,1
2026-03-21 16:30:28.160485,CoreBankingApp,Production,289.76807305814054,1173.144026531661,47.20517527790493,70.7875298108649,2.258370846324946,1,1
2026-03-21 16:35:28.160485,CoreBankingApp,Production,334.90171497764544,1179.167017750365,81.3386028874675,57.54437534944131,1.8811324639125604,1,1
2026-03-21 16:40:28.160485,CoreBankingApp,Production,344.492807869828,1406.7523213549011,59.618318859476844,58.807380533898545,3.2473512825315773,1,1
2026-03-21 16:45:28.160485,CoreBankingApp,Production,330.6602080328833,1390.8115373819965,58.348916768367694,75.71400957042819,3.291208617279577,0,1
2026-03-21 16:50:28.160485,CoreBankingApp,Production,226.08652910392948,1303.5224211706122,46.226967079434296,71.8869755141335,2.783263795711885,1,1
2026-03-21 16:55:28.160485,CoreBankingApp,Production,301.27109276783995,1030.1569069981927,69.11134621031978,72.90340233283594,2.454837601222265,3,1
2026-03-21 17:00:28.160485,CoreBankingApp,Production,287.5227681437629,1086.335931141959,51.81441863235345,59.76938849452248,2.7176279599482713,0,1
2026-03-21 17:05:28.160485,CoreBankingApp,Production,450.98236191746423,1349.3734172507322,57.13662420083435,70.07066818323098,8.387684256353733,4,1
2026-03-21 17:10:28.160485,CoreBankingApp,Production,445.12930787935625,1203.7221081104296,70.27197089217206,62.296364464533205,7.600753380065918,4,1
2026-03-21 17:15:28.160485,CoreBankingApp,Production,395.9702608946266,1188.270644698687,55.40364682666389,60.68795497728478,7.9033019435115355,6,1
2026-03-21 17:20:28.160485,CoreBankingApp,Production,358.47175438313707,1233.5340039731439,39.93286758780275,56.18630801604604,3.343339845296221,6,1
2026-03-21 17:25:28.160485,CoreBankingApp,Production,450.89877601661817,1022.5278939950367,52.42269019114498,60.83784869871082,2.897068456459919,4,1
2026-03-21 17:30:28.160485,CoreBankingApp,Production,380.061982392205,998.1303251247588,67.9258068625485,56.543354057291886,2.7152020811811437,6,1
2026-03-21 17:35:28.160485,CoreBankingApp,Production,471.9250168576599,1070.24289309185,68.13799388087641,74.04481165730165,3.7109432975941212,4,1
2026-03-21 17:40:28.160485,CoreBankingApp,Production,376.4731080406148,1226.384931925614,57.03074696224125,71.60522061524509,3.6286001908515804,4,1
2026-03-21 17:45:28.160485,CoreBankingApp,Production,418.2623529002046,1369.776168882722,52.279920672381316,65.09552431677957,3.3910261385498286,4,1
2026-03-21 17:50:28.160485,CoreBankingApp,Production,445.7355208264734,1105.892988201857,44.41990148337477,62.85418528877641,3.0974764149226086,6,1
2026-03-21 17:55:28.160485,CoreBankingApp,Production,393.06906884521845,1084.4999798545311,61.091276631638706,57.43574200907402,5.2749272315248685,5,1
2026-03-21 18:00:28.160485,CoreBankingApp,Production,410.78844116195495,1340.4898331802317,63.60479275266316,83.50621561097694,3.8166865816530713,7,1
2026-03-21 18:05:28.160485,CoreBankingApp,Production,350.7421296272162,1279.6235634312993,60.521744706095056,57.4774800516409,3.409255168994063,6,1
2026-03-21 18:10:28.160485,CoreBankingApp,Production,218.52278449652496,1187.9710528961218,59.97703258791814,67.32585655005951,1.0426320700876224,0,1
2026-03-21 18:15:28.160485,CoreBankingApp,Production,208.37356395894358,1186.6169869257774,46.17864373613968,62.2492574246011,1.24723123413159,0,1
2026-03-21 18:20:28.160485,CoreBankingApp,Production,207.75783416879634,1011.7695353620028,57.78403254360974,62.1832635290529,1.912879044871107,4,1
2026-03-21 18:25:28.160485,CoreBankingApp,Production,208.42858129970233,1310.4894224262562,55.35298581877677,66.45341518371012,2.1460515855988613,2,1
2026-03-21 18:30:28.160485,CoreBankingApp,Production,183.86765357368037,1185.8082569227881,40.36797142193154,68.4641296996177,2.03045628375216,0,1
2026-03-21 18:35:28.160485,CoreBankingApp,Production,164.48062584835088,1258.8528624174737,42.15245757259073,56.699968126897524,2.0593517181891547,0,1
2026-03-21 18:40:28.160485,CoreBankingApp,Production,200.31417526689754,1204.629357812437,51.6337065965044,63.60556056758744,2.2214646264927977,0,1
2026-03-21 18:45:28.160485,CoreBankingApp,Production,246.30283094770863,1180.6059756476536,71.27889786780018,64.82304218182466,2.00675546896657,0,1
2026-03-21 18:50:28.160485,CoreBankingApp,Production,250.44903669334403,1221.546754546572,69.4464605340141,53.66127238966445,2.497477653510857,1,1
2026-03-21 18:55:28.160485,CoreBankingApp,Production,229.1084894607359,1389.6691078706906,59.40229322987153,75.67784975511691,2.5582455022145356,0,1
2026-03-21 19:00:28.160485,CoreBankingApp,Production,287.21318745634494,1229.8405698599988,69.56611323472966,55.098622719680876,2.32639516798194,0,1
2026-03-21 19:05:28.160485,CoreBankingApp,Production,260.5702079149912,1090.6895432750234,56.507105265923144,54.56932598848806,2.1497406405156836,2,1
2026-03-21 19:10:28.160485,CoreBankingApp,Production,231.93689751727248,1145.438100731842,65.53437421053044,58.998960158649595,1.057152938992481,1,1
2026-03-21 19:15:28.160485,CoreBankingApp,Production,320.99164871834455,1229.4731264789698,71.59528121371541,71.81194632063834,1.2966664952796947,1,0
2026-03-21 19:20:28.160485,CoreBankingApp,Production,331.4285213454963,1195.5895770684601,60.534558613413985,64.69850363357854,1.0925653652227345,0,0
2026-03-21 19:25:28.160485,CoreBankingApp,Production,234.19824365087135,1171.488507117492,33.98616455637242,57.67135176593726,0.8351296168503635,1,0
2026-03-21 19:30:28.160485,CoreBankingApp,Production,287.9736008253917,1219.235009609284,68.36941464180164,65.83563943210011,0.8261151402160145,1,0
2026-03-21 19:35:28.160485,CoreBankingApp,Production,201.1966045798126,1220.429076260814,35.5691353950442,67.99987582096016,1.1615309733125652,3,0
2026-03-21 19:40:28.160485,CoreBankingApp,Production,314.91460298265207,1220.8888968796484,55.76378402183725,68.57706308587306,1.3310702079376897,1,0
2026-03-21 19:45:28.160485,CoreBankingApp,Production,284.81264563796867,1297.9613649019238,64.73990179548262,67.4499602696537,1.0266847732166005,0,0
2026-03-21 19:50:28.160485,CoreBankingApp,Production,274.37241100993117,1294.1523858363428,60.280748250295574,56.38377210610269,0.9695381535945602,2,0
2026-03-21 19:55:28.160485,CoreBankingApp,Production,299.96393366965816,1272.480043473386,57.082456102254035,61.92106292417958,1.2300769411374948,0,0
2026-03-21 20:00:28.160485,CoreBankingApp,Production,307.71228876896237,1309.8468253672975,54.849314991588365,62.00953540330458,0.9915287069018888,2,0
2026-03-21 20:05:28.160485,CoreBankingApp,Production,411.0524410114772,1242.746297615038,65.58279621493847,69.69870383475487,3.143622424061195,7,1
2026-03-21 20:10:28.160485,CoreBankingApp,Production,303.57126005035707,1201.0229755700889,59.800453525088855,58.65004279958122,2.967828354990755,3,1
2026-03-21 20:15:28.160485,CoreBankingApp,Production,397.5928649048027,1199.2899477754304,61.21485464366843,79.70173554506621,2.8292611973274084,4,1
2026-03-21 20:20:28.160485,CoreBankingApp,Production,361.9151953161576,1035.4860521743435,69.11324564198034,77.5108836483406,2.2318170924379617,3,1
2026-03-21 20:25:28.160485,CoreBankingApp,Production,345.05711219171576,1202.0551432930295,67.92888756056362,61.734378911834284,2.9117537479201516,2,1
2026-03-21 20:30:28.160485,CoreBankingApp,Production,259.7154719312459,1031.0826110863823,62.54447389799886,64.75929348984995,2.863141138365829,2,1
2026-03-21 20:35:28.160485,CoreBankingApp,Production,304.0436866696275,992.6235046700828,62.30800249622415,70.8199674830822,2.346134857898219,4,1
2026-03-21 20:40:28.160485,CoreBankingApp,Production,309.17235984558147,1277.0109278787436,52.09828111670056,76.30114261000055,3.0105082865886144,3,1
2026-03-21 20:45:28.160485,CoreBankingApp,Production,308.155770043335,1177.4751972681543,60.657630085475375,74.05409206557549,3.747664884495439,2,1
2026-03-21 20:50:28.160485,CoreBankingApp,Production,244.54838386819375,1446.0792338223728,55.35637027483577,71.17033169625728,2.4461834676356338,5,1
2026-03-21 20:55:28.160485,CoreBankingApp,Production,319.3521759604261,1267.7573040773073,66.86286913149706,67.4898790540951,1.7774510465772728,3,1
2026-03-21 21:00:28.160485,CoreBankingApp,Production,334.6841069441224,1215.873810867812,72.19359267264437,62.77089350331027,2.023581630677655,4,1
2026-03-21 21:05:28.160485,CoreBankingApp,Production,216.05894973582727,1122.3981053579332,78.95604770138863,62.87744401991644,0.6764480933923934,0,1
